abba c tronchet,
abbey,
alcouffe,
alizon,
ba c na c voles,
baldner,
baudot,
bedel isambart,
benoist et sara c lot,
benoist sara c lot,
benoist sarelot,
bert,
beuchet,
beuchet debierre,
beuchet debierre danion gonzalez,
beurtin,
birouste,
boisseau,
bonn,
bouvet,
brunel,
cattiaux,
cavailla c coll,
cavailla c coll convers,
cha c ron,
chevron,
claude fra res,
clicquot,
conan,
conan et lemercier,
conan lemercier,
damiens,
damiens fra res,
daublaine callinet,
de ha c man,
debierre,
delhumeau,
dlfo,
ducroquet,
emeriau,
enault beauta c,
esbin,
facteur inconnu,
firmin,
formentelli,
fouss,
georges gloton,
girardet,
gloton,
gloton debierre,
goydadin,
guillemin,
guillouard,
holdich,
hulbert,
hurvy,
inconnu,
inconnu xviia me sia cle,
jean baptiste lelogeais,
joseph beuchet,
koenig,
kuhn,
la c on,
lacorre et robert,
lambert,
lapeyre,
le logeais,
lefebvre,
lelogeais,
levasseur,
londe,
louis bonn,
louis debierre,
lusson,
ma c noret,
maillard,
manufacture d orgues robert,
manufacture da a orgues robert fra res,
mbgo,
merklin,
mlgo,
mounier,
mutin,
nicolas toussaint mgbo,
nonnet plet,
oberthur,
perroux,
pierre le hellocq,
ra c my mahler,
renaud,
renaud bouvet,
robert fra res,
roethinger,
sa c va re,
schreder,
schwenkedel,
stoltz,
stoltz et goyadin,
tha c bault,
thomas,
tolbecque,
toussaint,
tronchet,
van bever,
verschueren,
villard,
walker,
yves koenig,
