FR-44069-GUERA-STAUBI1-X,Transmission 'Ã‰lectropneumatique' n'existe pas
FR-44069-GUERA-STAUBI1-X,Tirage 'Ã‰lectropneumatique' n'existe pas
FR-44069-GUERA-STAUBI1-X,Accessoire Tirasse RÃ©cit n'existe pas
FR-44069-GUERA-STAUBI1-X,Accessoire RÃ©cit /Grand-Orgue n'existe pas
FR-44069-GUERA-STAUBI1-X,Accessoire RÃ©cit / Positif n'existe pas
FR-44069-GUERA-STAUBI1-X,Accessoire Anches PÃ©dale n'existe pas
FR-44069-GUERA-STAUBI1-X,Accessoire Anches RÃ©cit n'existe pas
FR-44069-GUERA-STAUBI1-X,Jeu fla>>te 8 n'existe pas
FR-44069-GUERA-STAUBI1-X,Jeu fla>>te 4 n'existe pas
FR-44069-GUERA-STAUBI1-X,Jeu fla>>te 2 n'existe pas
FR-44069-GUERA-STAUBI1-X,Jeu fla>>te 4 n'existe pas
FR-44069-GUERA-STAUBI1-X,Clavier RÃ©cif expressif n'existe pas
FR-44069-GUERA-STAUBI1-X,Jeu voix ca(c)leste 8 n'existe pas
FR-44069-GUERA-STAUBI1-X,Jeu fla>>te 4 n'existe pas
FR-44069-GUERA-STAUBI1-X,Jeu fla>>te 2 n'existe pas
FR-44069-GUERA-STAUBI1-X,Jeu tremblant n'existe pas
FR-44069-GUERA-STAUBI1-X,Jeu fla>>te 4 n'existe pas
FR-44069-GUERA-STAUBI1-X,Jeu fla>>te 2 n'existe pas
FR-44109-NANTE-NDAIDE1-X,Transmission 'MÃ©canique' n'existe pas
FR-44109-NANTE-NDAIDE1-X,Tirage 'MÃ©canique' n'existe pas
FR-44109-NANTE-NDAIDE1-X,Accessoire Tirasse RÃ©cit n'existe pas
FR-44109-NANTE-NDAIDE1-X,Accessoire RÃ©cit / Grand-Orgue n'existe pas
FR-44109-NANTE-NDAIDE1-X,Accessoire RÃ©cit 4\' / Grand-Orgue n'existe pas
FR-44109-NANTE-NDAIDE1-X,Accessoire Anches RÃ©cit n'existe pas
FR-44109-NANTE-NDAIDE1-X,Accessoire Tremolo RÃ©cit n'existe pas
FR-44109-NANTE-NDAIDE1-X,Accessoire Deux boutons de rÃ©glage mÃ©canique des claviers n'existe pas
FR-44109-NANTE-NDAIDE1-X,Clavier RÃ©cit expressif n'existe pas
FR-44109-NANTE-NDAIDE1-X,Jeu fla>>te harmonique 8 n'existe pas
FR-44109-NANTE-NDAIDE1-X,Jeu voix ca(c)leste 8 n'existe pas
FR-44109-NANTE-NDAIDE1-X,Jeu fla>>te octaviante 4 n'existe pas
FR-44109-NANTE-NDAIDE1-X,"Pas de facteur trouvé dans ""1973 : relevage par jean renaud."" pour ('debierre', '1885'),('gloton debierre', '1945')"
FR-85128-LUCON-NDAMEV1-T,Transmission 'MÃ©canique' n'existe pas
FR-85128-LUCON-NDAMEV1-T,Tirage 'MÃ©canique' n'existe pas
FR-85128-LUCON-NDAMEV1-T,Accessoire Tirasse RÃ©cit n'existe pas
FR-85128-LUCON-NDAMEV1-T,Accessoire RÃ©cit / Grand-Orgue n'existe pas
FR-85128-LUCON-NDAMEV1-T,Accessoire Anches PÃ©dale n'existe pas
FR-85128-LUCON-NDAMEV1-T,Accessoire Anches RÃ©cit n'existe pas
FR-85128-LUCON-NDAMEV1-T,Accessoire TrÃ©molo RÃ©cit n'existe pas
FR-85128-LUCON-NDAMEV1-T,Jeu fla>>te douce 4 n'existe pas
FR-85128-LUCON-NDAMEV1-T,Jeu fla>>te harmonique 8 n'existe pas
FR-85128-LUCON-NDAMEV1-T,Jeu fla>>te octaviante 4 n'existe pas
FR-85128-LUCON-NDAMEV1-T,Clavier Ã‰cho n'existe pas
FR-85128-LUCON-NDAMEV1-T,Jeu fla>>te a  chemina(c)es 4 n'existe pas
FR-85128-LUCON-NDAMEV1-T,Jeu fla>>te a  chemina(c)es 2 n'existe pas
FR-85128-LUCON-NDAMEV1-T,Clavier RÃ©cit n'existe pas
FR-85128-LUCON-NDAMEV1-T,Jeu fla>>te harmonique 8 n'existe pas
FR-85128-LUCON-NDAMEV1-T,Jeu fla>>te octaviante 4 n'existe pas
FR-85128-LUCON-NDAMEV1-T,Jeu fla>>te 16 n'existe pas
FR-85128-LUCON-NDAMEV1-T,Jeu fla>>te 8 n'existe pas
FR-85128-LUCON-NDAMEV1-T,Jeu fla>>te 4 n'existe pas
FR-85128-LUCON-NDAMEV1-T,Jeu fla>>te a  chemina(c)es 2 n'existe pas
FR-85128-LUCON-NDAMEV1-T,Facteur cavailla c coll n'éxiste pas
FR-85128-LUCON-NDAMEV1-T,Facteur cavailla c coll n'éxiste pas
FR-85128-LUCON-NDAMEV1-T,Facteur cavailla c coll n'éxiste pas
FR-85128-LUCON-NDAMEV1-C,Transmission 'MÃ©canique' n'existe pas
FR-85128-LUCON-NDAMEV1-C,Tirage 'MÃ©canique' n'existe pas
FR-85128-LUCON-NDAMEV1-C,Accessoire Tirasse RÃ©cit n'existe pas
FR-85128-LUCON-NDAMEV1-C,Accessoire RÃ©cit / Grand-Orgue n'existe pas
FR-85128-LUCON-NDAMEV1-C,Accessoire RÃ©cit 4\' / Grand-Orgue n'existe pas
FR-85128-LUCON-NDAMEV1-C,Accessoire TrÃ©molo n'existe pas
FR-85128-LUCON-NDAMEV1-C,Jeu fla>>te harmonique 8 n'existe pas
FR-85128-LUCON-NDAMEV1-C,Clavier RÃ©cit n'existe pas
FR-85128-LUCON-NDAMEV1-C,Jeu fla>>te octaviante 4 n'existe pas
FR-44150-SSGRA-STAIGN1-X,Transmission 'MÃ©canique' n'existe pas
FR-44150-SSGRA-STAIGN1-X,Tirage 'MÃ©canique' n'existe pas
FR-44150-SSGRA-STAIGN1-X,Jeu rohrflaPte 8 n'existe pas
FR-44150-SSGRA-STAIGN1-X,Jeu rohrflaPte 4 n'existe pas
FR-44150-SSGRA-STAIGN1-X,Jeu spitzflaPte 2 n'existe pas
FR-44150-SSGRA-STAIGN1-X,Jeu sifflaPte 1 n'existe pas
FR-44109-NANTE-NDJOIE1-X,Transmission 'MÃ©canique' n'existe pas
FR-44109-NANTE-NDJOIE1-X,Tirage 'MÃ©canique' n'existe pas
FR-44109-NANTE-NDJOIE1-X,Accessoire RÃ©cit / Grand-Orgue n'existe pas
FR-44109-NANTE-NDJOIE1-X,Accessoire Appel-Retrait Anches RÃ©cit n'existe pas
FR-44109-NANTE-NDJOIE1-X,Jeu fla>>te 8 n'existe pas
FR-44109-NANTE-NDJOIE1-X,Clavier RÃ©cit expressif n'existe pas
FR-44109-NANTE-NDJOIE1-X,L'étendu du clavier de 45 notes n'est pas connus
FR-44109-NANTE-NDJOIE1-X,Jeu voix ca(c)leste 8 n'existe pas
FR-44109-NANTE-NDJOIE1-X,Jeu fla>>te octaviante 4 n'existe pas
FR-44109-NANTE-NDJOIE1-X,Jeu fla>>te 8 n'existe pas
FR-49021-B_ANJ-NDAMEV1-T,Transmission 'MÃ©canique' n'existe pas
FR-49021-B_ANJ-NDAMEV1-T,Tirage 'MÃ©canique' n'existe pas
FR-49021-B_ANJ-NDAMEV1-T,Accessoire Tirasse RÃ©cit n'existe pas
FR-49021-B_ANJ-NDAMEV1-T,Accessoire Anches RÃ©cit n'existe pas
FR-49021-B_ANJ-NDAMEV1-T,Accessoire Anches PÃ©dale n'existe pas
FR-49021-B_ANJ-NDAMEV1-T,Accessoire RÃ©cit / Grand-Orgue n'existe pas
FR-49021-B_ANJ-NDAMEV1-T,Accessoire Tremblant RÃ©cit n'existe pas
FR-49021-B_ANJ-NDAMEV1-T,Jeu fla>>te 8 n'existe pas
FR-49021-B_ANJ-NDAMEV1-T,Jeu bourdon a  chemina(c)e 8 n'existe pas
FR-49021-B_ANJ-NDAMEV1-T,Jeu fla>>te douce 4 n'existe pas
FR-49021-B_ANJ-NDAMEV1-T,Jeu fla>>te harmonique 8 n'existe pas
FR-49021-B_ANJ-NDAMEV1-T,Jeu quinte 2 2/3 n'existe pas
FR-49021-B_ANJ-NDAMEV1-T,Clavier RÃ©cit expressif n'existe pas
FR-49021-B_ANJ-NDAMEV1-T,Jeu fla>>te harmonique 8 n'existe pas
FR-49021-B_ANJ-NDAMEV1-T,Jeu voix ca(c)leste 8 n'existe pas
FR-49021-B_ANJ-NDAMEV1-T,Jeu fla>>te octaviante 4 n'existe pas
FR-49021-B_ANJ-NDAMEV1-T,Jeu fla>>te 8 n'existe pas
FR-49007-ANGER-STMAUR1-C,Transmission 'Ã‰lectropneumatique' n'existe pas
FR-49007-ANGER-STMAUR1-C,Tirage 'MÃ©canique' n'existe pas
FR-49007-ANGER-STMAUR1-C,Accessoire Tirasse RÃ©cit n'existe pas
FR-49007-ANGER-STMAUR1-C,Accessoire RÃ©cit / Grand-Orgue n'existe pas
FR-49007-ANGER-STMAUR1-C,Jeu fla>>te 8 n'existe pas
FR-49007-ANGER-STMAUR1-C,Jeu fla>>te 4 n'existe pas
FR-49007-ANGER-STMAUR1-C,Clavier RÃ©cit expressif n'existe pas
FR-49007-ANGER-STMAUR1-C,"Pas de facteur trouvé dans ""1417 : don par yolande d\'aragon du petit orgue de la chapelle du chaC/teau, dont on voit les traces de la tribune dans la galerie du transept nord."" pour ('bonn', '1856'),('beuchet debierre', '1967')"
FR-49007-ANGER-STMAUR1-C,"Pas de facteur trouvé dans ""1512 : reconstruction par jean vallin, avec les restes du grand orgue reconstruit par jousseline. travaux en 1521 (bert) et 1531."" pour ('bonn', '1856'),('beuchet debierre', '1967')"
FR-49007-ANGER-STMAUR1-C,"Pas de facteur trouvé dans ""1699 : transfert au fond du cha""ur."" pour ('bonn', '1856'),('beuchet debierre', '1967')"
FR-49007-ANGER-STMAUR1-C,"Pas de facteur trouvé dans ""1773 : incorporation de cet instrument dans le grand orgue."" pour ('bonn', '1856'),('beuchet debierre', '1967')"
FR-49007-ANGER-STMAUR1-C,"Pas de facteur trouvé dans ""1837 : nouvel orgue de cha""ur par wagener et claude."" pour ('bonn', '1856'),('beuchet debierre', '1967')"
FR-49007-ANGER-STMAUR1-C,"Historique : 1856 : orgue \""exhumÃ©\"" et nouveau buffet de Chapeau. pour (1856, None, orgue \""exhumÃ©\"" et nouveau buffet de Chapeau.)"
FR-44109-NANTE-SSPEPL1-T,Transmission 'Ã‰lectropneumatique' n'existe pas
FR-44109-NANTE-SSPEPL1-T,Tirage 'Ã‰lectropneumatique' n'existe pas
FR-44109-NANTE-SSPEPL1-T,Accessoire Tirasse RÃ©cit n'existe pas
FR-44109-NANTE-SSPEPL1-T,Accessoire RÃ©cit / Grand-Orgue n'existe pas
FR-44109-NANTE-SSPEPL1-T,Accessoire RÃ©cit / Positif n'existe pas
FR-44109-NANTE-SSPEPL1-T,Accessoire Bombarde / RÃ©cit  n'existe pas
FR-44109-NANTE-SSPEPL1-T,Accessoire Tutti PÃ©dale n'existe pas
FR-44109-NANTE-SSPEPL1-T,Accessoire Tutti RÃ©cit n'existe pas
FR-44109-NANTE-SSPEPL1-T,Accessoire Tutti gÃ©nÃ©ral n'existe pas
FR-44109-NANTE-SSPEPL1-T,Accessoire Mixtures PÃ©dale n'existe pas
FR-44109-NANTE-SSPEPL1-T,Accessoire Mixtures RÃ©cit n'existe pas
FR-44109-NANTE-SSPEPL1-T,Accessoire Anches PÃ©dale n'existe pas
FR-44109-NANTE-SSPEPL1-T,Accessoire Anches RÃ©cit n'existe pas
FR-44109-NANTE-SSPEPL1-T,Jeu fla>>te harmonique 8 n'existe pas
FR-44109-NANTE-SSPEPL1-T,Jeu fla>>te 4 n'existe pas
FR-44109-NANTE-SSPEPL1-T,Jeu quinte fla>>te 2 2/3 n'existe pas
FR-44109-NANTE-SSPEPL1-T,"Jeu 1a""re trompette 8 n'existe pas"
FR-44109-NANTE-SSPEPL1-T,"Jeu 2a""me trompette 8 n'existe pas"
FR-44109-NANTE-SSPEPL1-T,Jeu fla>>te douce 4 n'existe pas
FR-44109-NANTE-SSPEPL1-T,Clavier RÃ©cit expressif n'existe pas
FR-44109-NANTE-SSPEPL1-T,Jeu fla>>te 8 n'existe pas
FR-44109-NANTE-SSPEPL1-T,Jeu voix ca(c)leste 8 n'existe pas
FR-44109-NANTE-SSPEPL1-T,Jeu fla>>te 4 n'existe pas
FR-44109-NANTE-SSPEPL1-T,Jeu fla>>te 16 n'existe pas
FR-44109-NANTE-SSPEPL1-T,Jeu fla>>te 8 n'existe pas
FR-44109-NANTE-SSPEPL1-T,Jeu fla>>te 4 n'existe pas
FR-44010-B_MER-STGUEN1-X,Transmission 'MÃ©canique' n'existe pas
FR-44010-B_MER-STGUEN1-X,Tirage 'Ã‰lectropneumatique' n'existe pas
FR-44010-B_MER-STGUEN1-X,Accessoire Renvoi gÃ©nÃ©ral n'existe pas
FR-44010-B_MER-STGUEN1-X,Jeu fla>>te a  chemina(c)e 4 n'existe pas
FR-44010-B_MER-STGUEN1-X,Jeu fla>>te 2 n'existe pas
FR-44010-B_MER-STGUEN1-X,Jeu fla>>te 8 n'existe pas
FR-44010-B_MER-STGUEN1-X,Jeu fla>>te 4 n'existe pas
FR-72181-MANSS-STJULI1-T,Accessoire Tirasse RÃ©cit n'existe pas
FR-72181-MANSS-STJULI1-T,Accessoire Tirasse RÃ©cit 4' n'existe pas
FR-72181-MANSS-STJULI1-T,Accessoire RÃ©cit / Grand-Orgue n'existe pas
FR-72181-MANSS-STJULI1-T,Accessoire RÃ©cit / Positif n'existe pas
FR-72181-MANSS-STJULI1-T,Accessoire Solo/ RÃ©cit n'existe pas
FR-72181-MANSS-STJULI1-T,Accessoire RÃ©cit / Grand-Orgue 16' n'existe pas
FR-72181-MANSS-STJULI1-T,Accessoire RÃ©cit 16' n'existe pas
FR-72181-MANSS-STJULI1-T,Accessoire PÃ©dale automatique n'existe pas
FR-72181-MANSS-STJULI1-T,Jeu fla>>te ouverte 8 n'existe pas
FR-72181-MANSS-STJULI1-T,Jeu fla>>te ouverte 4 n'existe pas
FR-72181-MANSS-STJULI1-T,Jeu fla>>te ouverte 4 n'existe pas
FR-72181-MANSS-STJULI1-T,Clavier RÃ©cit expressif n'existe pas
FR-72181-MANSS-STJULI1-T,Jeu fla>>te harmonique 8 n'existe pas
FR-72181-MANSS-STJULI1-T,Jeu voix ca(c)leste 8 n'existe pas
FR-72181-MANSS-STJULI1-T,Jeu fla>>te octaviante 4 n'existe pas
FR-72181-MANSS-STJULI1-T,Jeu fla>>te a  chemina(c)e 4 n'existe pas
FR-72181-MANSS-STJULI1-T,Jeu larigot 1 1 /3 n'existe pas
FR-72181-MANSS-STJULI1-T,"Jeu septia""me 1 1/7 n'existe pas"
FR-72181-MANSS-STJULI1-T,Jeu fla>>te 16 n'existe pas
FR-72181-MANSS-STJULI1-T,Jeu fla>>te 8 n'existe pas
FR-44109-NANTE-NDPORT1-T,Transmission 'Ã‰lectropneumatique' n'existe pas
FR-44109-NANTE-NDPORT1-T,Accessoire Tirasse Grand-ChÅ“ur n'existe pas
FR-44109-NANTE-NDPORT1-T,Accessoire Tirasse RÃ©cit n'existe pas
FR-44109-NANTE-NDPORT1-T,Accessoire Grand-ChÅ“ur / Grand-Orgue n'existe pas
FR-44109-NANTE-NDPORT1-T,Accessoire RÃ©cit / Grand-Orgue n'existe pas
FR-44109-NANTE-NDPORT1-T,Accessoire RÃ©cit / Grand-ChÅ“ur n'existe pas
FR-44109-NANTE-NDPORT1-T,Accessoire Appel Grand jeu PÃ©dale n'existe pas
FR-44109-NANTE-NDPORT1-T,Accessoire Appel Grand jeu Grand-ChÅ“ur n'existe pas
FR-44109-NANTE-NDPORT1-T,Accessoire Appel Grand jeu RÃ©cit n'existe pas
FR-44109-NANTE-NDPORT1-T,Accessoire TrÃ©molo Grand-ChÅ“ur n'existe pas
FR-44109-NANTE-NDPORT1-T,Accessoire TrÃ©molo RÃ©cit n'existe pas
FR-44109-NANTE-NDPORT1-T,Jeu fla>>te 8 n'existe pas
FR-44109-NANTE-NDPORT1-T,Clavier Grand-ChÅ“ur expressif n'existe pas
FR-44109-NANTE-NDPORT1-T,Jeu fla>>te harmonique 8 n'existe pas
FR-44109-NANTE-NDPORT1-T,Clavier RÃ©cit expressif n'existe pas
FR-44109-NANTE-NDPORT1-T,"Jeu fla>>te traversia""re 8 n'existe pas"
FR-44109-NANTE-NDPORT1-T,Jeu voix ca(c)leste 8 n'existe pas
FR-44109-NANTE-NDPORT1-T,Jeu fla>>te octaviante 4 n'existe pas
FR-44109-NANTE-NDPORT1-T,Jeu fla>>te 32 n'existe pas
FR-44109-NANTE-NDPORT1-T,Jeu fla>>te 16 n'existe pas
FR-44109-NANTE-NDPORT1-T,Jeu fla>>te 8 n'existe pas
FR-44109-NANTE-NDPORT1-T,Jeu fla>>te 4 n'existe pas
FR-53084-CRAON-STNICO1-T,Transmission 'MÃ©canique' n'existe pas
FR-53084-CRAON-STNICO1-T,Tirage 'Ã‰lectropneumatique' n'existe pas
FR-53084-CRAON-STNICO1-T,Accessoire Tirasse RÃ©cit n'existe pas
FR-53084-CRAON-STNICO1-T,Accessoire RÃ©cit / Grand-Orgue n'existe pas
FR-53084-CRAON-STNICO1-T,Jeu fla>>te a  chemina(c)e 4 n'existe pas
FR-53084-CRAON-STNICO1-T,Clavier RÃ©cit expressif n'existe pas
FR-53084-CRAON-STNICO1-T,Jeu fla>>te harmonique 8 n'existe pas
FR-53084-CRAON-STNICO1-T,Jeu voix ca(c)leste 8 n'existe pas
FR-53084-CRAON-STNICO1-T,Jeu fla>>te octaviante 4 n'existe pas
FR-53084-CRAON-STNICO1-T,"Pas de facteur trouvé dans ""il existait depuis le xviie sia""cle un orgue dans l\'ancienne colla(c)giale de craon, da(c)truit a  la ra(c)volution."" pour ('stoltz et goyadin', '1856'),('beuchet debierre', '1964'),('boisseau', '2003')"
FR-53084-CRAON-STNICO1-T,"Historique : Il existait depuis le XVIIe siÃ¨cle un orgue dans l\'ancienne collÃ©giale de Craon, dÃ©truit Ã  la RÃ©volution. pour (1650, None, Il existait depuis le XVIIe siÃ¨cle un orgue dans l\'ancienne collÃ©giale de Craon, dÃ©truit Ã  la RÃ©volution.)"
FR-85092-F_COM-NDAMEV1-X,Transmission 'MÃ©canique' n'existe pas
FR-85092-F_COM-NDAMEV1-X,Tirage 'Ã‰lectrique' n'existe pas
FR-85092-F_COM-NDAMEV1-X,Etat '' n'existe pas
FR-85092-F_COM-NDAMEV1-X,Accessoire Tirasse RÃ©cit n'existe pas
FR-85092-F_COM-NDAMEV1-X,Accessoire RÃ©cit / Grand-Orgue n'existe pas
FR-85092-F_COM-NDAMEV1-X,Accessoire RÃ©cit / Positif n'existe pas
FR-85092-F_COM-NDAMEV1-X,Accessoire Tremblant GO + RÃ©cit n'existe pas
FR-85092-F_COM-NDAMEV1-X,Accessoire Combinateur sÃ©quenciel n'existe pas
FR-85092-F_COM-NDAMEV1-X,Jeu fla>>te a  chemina(c)e 8 n'existe pas
FR-85092-F_COM-NDAMEV1-X,Jeu fla>>te a  chemina(c)e 4 n'existe pas
FR-85092-F_COM-NDAMEV1-X,Clavier RÃ©cit expressif n'existe pas
FR-85092-F_COM-NDAMEV1-X,Jeu voix ca(c)leste 8 n'existe pas
FR-85092-F_COM-NDAMEV1-X,Jeu fla>>te ouverte 4 n'existe pas
FR-85092-F_COM-NDAMEV1-X,Jeu fla>>te 8 n'existe pas
FR-85092-F_COM-NDAMEV1-X,Jeu fla>>te 4 n'existe pas
FR-49007-ANGER-SOEURS2-X,Transmission 'Ã‰lectrique' n'existe pas
FR-49007-ANGER-SOEURS2-X,Tirage 'Ã‰lectrique' n'existe pas
FR-49007-ANGER-STMARI1-P,Transmission 'MÃ©canique' n'existe pas
FR-49007-ANGER-STMARI1-P,Tirage 'MÃ©canique' n'existe pas
FR-49007-ANGER-STMARI1-P,Accessoire Octave aiguÃ« par tirette sous le clavier n'existe pas
FR-49007-ANGER-STMARI1-P,Accessoire GenouillÃ¨re d\'expression n'existe pas
FR-49007-ANGER-STMARI1-P,Jeu fla>>te harmonique 8 n'existe pas
FR-49007-ANGER-STMARI1-P,Jeu fla>>te octaviante 4 n'existe pas
FR-49007-ANGER-STMARI1-P,"Pas de facteur trouvé dans ""2009 : restauration par philippe emeriau."" pour ('louis debierre', None)"
FR-49007-ANGER-NDPAST1-X,Transmission 'MÃ©canique' n'existe pas
FR-49007-ANGER-NDPAST1-X,Tirage 'MÃ©canique' n'existe pas
FR-49007-ANGER-NDPAST1-X,Jeu fla>>te a  chemina(c)e 8 n'existe pas
FR-49007-ANGER-NDPAST1-X,Jeu fla>>te conique 4 n'existe pas
FR-49007-ANGER-NDPAST1-X,Jeu fla>>te 8 n'existe pas
FR-49007-ANGER-NDPAST1-X,Jeu douaSSaine 16 n'existe pas
FR-49007-ANGER-NDPAST1-X,"Pas de facteur trouvé dans ""1962 : orgue neuf de pierre cha(c)ron."" pour ('koenig', '1972'),('kuhn', '1992')"
FR-85222-SSVIE-STCROI1-X,Transmission 'MÃ©canique' n'existe pas
FR-85222-SSVIE-STCROI1-X,Tirage 'MÃ©canique' n'existe pas
FR-85222-SSVIE-STCROI1-X,Jeu fla>>te allemande 8 n'existe pas
FR-85222-SSVIE-STCROI1-X,Jeu fla>>te a  biberon 4 n'existe pas
FR-85222-SSVIE-STCROI1-X,Jeu fla>>te 2 n'existe pas
FR-85222-SSVIE-STCROI1-X,Jeu (sans jeu propre) n'existe pas
FR-85222-SSVIE-STCROI1-X,Jeu fla>>te 8 n'existe pas
FR-85222-SSVIE-STCROI1-X,Jeu douaSSaine 16 n'existe pas
FR-85191-R_YON-STLOUI1-T,Transmission 'MÃ©canique' n'existe pas
FR-85191-R_YON-STLOUI1-T,Tirage 'MÃ©canique' n'existe pas
FR-85191-R_YON-STLOUI1-T,Etat '' n'existe pas
FR-85191-R_YON-STLOUI1-T,Accessoire Tirasse RÃ©cit n'existe pas
FR-85191-R_YON-STLOUI1-T,Accessoire RÃ©cit / Grand-Orgue n'existe pas
FR-85191-R_YON-STLOUI1-T,Accessoire Anches PÃ©dale n'existe pas
FR-85191-R_YON-STLOUI1-T,Accessoire Anches RÃ©cit n'existe pas
FR-85191-R_YON-STLOUI1-T,Accessoire Tremblant RÃ©cit n'existe pas
FR-85191-R_YON-STLOUI1-T,Jeu fla>>te a  chemina(c)e 4 n'existe pas
FR-85191-R_YON-STLOUI1-T,Jeu fla>>te conique 4 n'existe pas
FR-85191-R_YON-STLOUI1-T,Jeu chamade 4 -8 n'existe pas
FR-85191-R_YON-STLOUI1-T,Clavier RÃ©cit expressif n'existe pas
FR-85191-R_YON-STLOUI1-T,Jeu fla>>te harmonique 8 n'existe pas
FR-85191-R_YON-STLOUI1-T,Jeu voix ca(c)leste 8 n'existe pas
FR-85191-R_YON-STLOUI1-T,Jeu fla>>te octaviante 4 n'existe pas
FR-85191-R_YON-STLOUI1-T,"Pas de facteur trouvé dans ""1847 : premier orgue par les fra""res lelogeais dans le cha""ur de l\'a(c)glise (16 jeux, 2 cl.) installa(c) en tribune par louis debierre en 1872."" pour ('yves koenig', '1989')"
FR-85191-R_YON-STLOUI1-T,"Pas de facteur trouvé dans ""vers 1915 : transfert en tribune de l\'orgue de cha""ur de cavailla(c)-coll."" pour ('yves koenig', '1989')"
FR-85088-FENOU-STLAUR1-X,Transmission 'MÃ©canique' n'existe pas
FR-85088-FENOU-STLAUR1-X,Tirage 'MÃ©canique' n'existe pas
FR-85088-FENOU-STLAUR1-X,Jeu rohrflaPte 4 n'existe pas
FR-85088-FENOU-STLAUR1-X,Jeu sifflaPte 1 n'existe pas
FR-85088-FENOU-STLAUR1-X,Jeu (pas de jeu propre) n'existe pas
FR-49099-CHOLE-NDAMEV1-C,Transmission 'Ã‰lectropneumatique' n'existe pas
FR-49099-CHOLE-NDAMEV1-C,Tirage 'Ã‰lectropneumatique' n'existe pas
FR-49099-CHOLE-NDAMEV1-C,Accessoire Tirasse RÃ©cit n'existe pas
FR-49099-CHOLE-NDAMEV1-C,Accessoire RÃ©cit / Grand-Orgue n'existe pas
FR-49099-CHOLE-NDAMEV1-C,Accessoire RÃ©cit / Positif n'existe pas
FR-49099-CHOLE-NDAMEV1-C,Accessoire Anches PÃ©dale n'existe pas
FR-49099-CHOLE-NDAMEV1-C,Accessoire Anches RÃ©cit n'existe pas
FR-49099-CHOLE-NDAMEV1-C,Accessoire Tremblant RÃ©cit n'existe pas
FR-49099-CHOLE-NDAMEV1-C,Jeu fla>>te harmonique 8 n'existe pas
FR-49099-CHOLE-NDAMEV1-C,Jeu fla>>te douce 4 n'existe pas
FR-49099-CHOLE-NDAMEV1-C,Jeu fla>>te 4 n'existe pas
FR-49099-CHOLE-NDAMEV1-C,Jeu quinte 2 2/3 n'existe pas
FR-49099-CHOLE-NDAMEV1-C,Clavier RÃ©cit expressif n'existe pas
FR-49099-CHOLE-NDAMEV1-C,Jeu voix ca(c)leste 8 n'existe pas
FR-49099-CHOLE-NDAMEV1-C,Jeu fla>>te 4 n'existe pas
FR-49099-CHOLE-NDAMEV1-C,Jeu soubasse acoustique 32 n'existe pas
FR-49099-CHOLE-NDAMEV1-C,Jeu fla>>te douce 4 n'existe pas
FR-72124-ECOMM-STMART1-X,Transmission 'MÃ©canique' n'existe pas
FR-72124-ECOMM-STMART1-X,Tirage 'MÃ©canique' n'existe pas
FR-72124-ECOMM-STMART1-X,Accessoire Tirasse RÃ©cit n'existe pas
FR-72124-ECOMM-STMART1-X,Accessoire RÃ©cit / Grand-Orgue n'existe pas
FR-72124-ECOMM-STMART1-X,Clavier RÃ©cit expressif n'existe pas
FR-72124-ECOMM-STMART1-X,Jeu voix ca(c)leste 8 n'existe pas
FR-72124-ECOMM-STMART1-X,Jeu fla>>te octaviante 4 n'existe pas
FR-72124-ECOMM-STMART1-X,Jeu fla>>te 8 n'existe pas
FR-49007-ANGER-STTHER1-X,Transmission 'Ã‰lectrique' n'existe pas
FR-49007-ANGER-STTHER1-X,Tirage 'Ã‰lectropneumatique' n'existe pas
FR-49007-ANGER-STTHER1-X,Accessoire Tirasse RÃ©cit n'existe pas
FR-49007-ANGER-STTHER1-X,Accessoire RÃ©cit / Grand-Orgue n'existe pas
FR-49007-ANGER-STTHER1-X,Accessoire TrÃ©molo n'existe pas
FR-49007-ANGER-STTHER1-X,Jeu fla>>te 8 n'existe pas
FR-49007-ANGER-STTHER1-X,Clavier RÃ©cit expressif n'existe pas
FR-49007-ANGER-STTHER1-X,Jeu fla>>te harmonique 8 n'existe pas
FR-49007-ANGER-STTHER1-X,Jeu voix ca(c)leste 8 n'existe pas
FR-49007-ANGER-STTHER1-X,Jeu fla>>te octaviante 4 n'existe pas
FR-49007-ANGER-STTHER1-X,"Pas de facteur trouvé dans ""2009 : remise en service partielle par philippe emeriau."" pour ('debierre', '1903')"
FR-49007-ANGER-STJACQ1-X,Transmission 'Ã‰lectropneumatique' n'existe pas
FR-49007-ANGER-STJACQ1-X,Tirage 'Ã‰lectropneumatique' n'existe pas
FR-49007-ANGER-STJACQ1-X,Accessoire Tirasse RÃ©cit 16\' n'existe pas
FR-49007-ANGER-STJACQ1-X,Accessoire Tirasse RÃ©cit 8\' n'existe pas
FR-49007-ANGER-STJACQ1-X,Accessoire Tirasse RÃ©cit 4\' n'existe pas
FR-49007-ANGER-STJACQ1-X,Accessoire RÃ©cit / Grand-Orgue 16\' n'existe pas
FR-49007-ANGER-STJACQ1-X,Accessoire RÃ©cit / Grand-Orgue 8\' n'existe pas
FR-49007-ANGER-STJACQ1-X,Accessoire RÃ©cit / Grand-Orgue 4\' n'existe pas
FR-49007-ANGER-STJACQ1-X,Clavier RÃ©cit expressif et Grand orgue n'existe pas
FR-49007-ANGER-STJACQ1-X,"Jeu fla>>te traversia""re 8 n'existe pas"
FR-49007-ANGER-STJACQ1-X,Jeu fla>>te douce 4 n'existe pas
FR-49007-ANGER-STJACQ1-X,Facteur cavailla c coll convers n'éxiste pas
FR-44049-CROIS-NDPITI1-X,Transmission 'MÃ©canique' n'existe pas
FR-44049-CROIS-NDPITI1-X,Tirage 'MÃ©canique' n'existe pas
FR-44049-CROIS-NDPITI1-X,Accessoire Tirasse RÃ©cit n'existe pas
FR-44049-CROIS-NDPITI1-X,Accessoire RÃ©cit / Grand-Orgue n'existe pas
FR-44049-CROIS-NDPITI1-X,Clavier RÃ©cit expressif n'existe pas
FR-44049-CROIS-NDPITI1-X,Jeu fla>>te 4 n'existe pas
FR-44049-CROIS-NDPITI1-X,"Pas de facteur trouvé dans ""xviiie : pra(c)sence da,a'un orgue de 3 cl., saccaga(c) en 1793 (17 jeux, 3 cl.)"" pour ('ducroquet', '?'),('debierre', '1895'),('renaud', '1974')"
FR-44143-REZEE-STPAUL1-X,Transmission 'MÃ©canique' n'existe pas
FR-44143-REZEE-STPAUL1-X,Tirage 'MÃ©canique' n'existe pas
FR-44143-REZEE-STPAUL1-X,Accessoire Tirasse RÃ©cit n'existe pas
FR-44143-REZEE-STPAUL1-X,Accessoire RÃ©cit /Grand-Orgue n'existe pas
FR-44143-REZEE-STPAUL1-X,Jeu fla>>te 4 n'existe pas
FR-44143-REZEE-STPAUL1-X,Clavier RÃ©cit n'existe pas
FR-44143-REZEE-STPAUL1-X,Jeu fla>>te 8 n'existe pas
FR-44143-REZEE-STPAUL1-X,Jeu fla>>te 4 n'existe pas
FR-44143-REZEE-STPAUL1-X,Facteur sa c va re n'éxiste pas
FR-44143-REZEE-STPAUL1-X,Facteur cavailla c coll n'éxiste pas
FR-44143-REZEE-STPAUL1-X,Facteur sa c va re n'éxiste pas
FR-44143-REZEE-STPAUL1-X,Facteur cavailla c coll n'éxiste pas
FR-44143-REZEE-STPAUL1-X,Facteur sa c va re n'éxiste pas
FR-44143-REZEE-STPAUL1-X,Facteur cavailla c coll n'éxiste pas
FR-44143-REZEE-STPAUL1-X,Facteur sa c va re n'éxiste pas
FR-44143-REZEE-STPAUL1-X,Facteur cavailla c coll n'éxiste pas
FR-44143-REZEE-STPAUL1-X,Facteur sa c va re n'éxiste pas
FR-44143-REZEE-STPAUL1-X,Facteur sa c va re n'éxiste pas
FR-44143-REZEE-STPAUL1-X,Facteur cavailla c coll n'éxiste pas
FR-53181-PTMAI-NDAMEV1-X,Transmission 'Ã‰lectropneumatique' n'existe pas
FR-53181-PTMAI-NDAMEV1-X,Tirage '' n'existe pas
FR-53181-PTMAI-NDAMEV1-X,Accessoire Tirasse RÃ©cit n'existe pas
FR-53181-PTMAI-NDAMEV1-X,Accessoire RÃ©cit / Grand-Orgue n'existe pas
FR-53181-PTMAI-NDAMEV1-X,Accessoire RÃ©cit / Grand-Orgue 16\' n'existe pas
FR-53181-PTMAI-NDAMEV1-X,Accessoire RÃ©cit 16\' n'existe pas
FR-53181-PTMAI-NDAMEV1-X,Accessoire Anches PÃ©dale n'existe pas
FR-53181-PTMAI-NDAMEV1-X,Accessoire Anches RÃ©cit n'existe pas
FR-53181-PTMAI-NDAMEV1-X,Accessoire TrÃ©molo n'existe pas
FR-53181-PTMAI-NDAMEV1-X,Jeu fla>>te harmonique 8 n'existe pas
FR-53181-PTMAI-NDAMEV1-X,Jeu quinte 2 2/3 n'existe pas
FR-53181-PTMAI-NDAMEV1-X,Clavier RÃ©cit expressif n'existe pas
FR-53181-PTMAI-NDAMEV1-X,Jeu voix ca(c)leste 8 n'existe pas
FR-53181-PTMAI-NDAMEV1-X,Jeu fla>>te octaviante 4 n'existe pas
FR-53181-PTMAI-NDAMEV1-X,Jeu fla>>te 16 n'existe pas
FR-72336-SOLES-STPIER1-T,Transmission 'None' n'existe pas
FR-72336-SOLES-STPIER1-T,Tirage 'None' n'existe pas
FR-72336-SOLES-STPIER1-T,Accessoire Tirasse RÃ©cit n'existe pas
FR-72336-SOLES-STPIER1-T,Accessoire RÃ©cit / Grand-Orgue n'existe pas
FR-72336-SOLES-STPIER1-T,Accessoire Chamade / RÃ©cit n'existe pas
FR-72336-SOLES-STPIER1-T,Accessoire Appel Anches et Mixture PÃ©dale n'existe pas
FR-72336-SOLES-STPIER1-T,Jeu fla>>te a  chemina(c)e 4 n'existe pas
FR-72336-SOLES-STPIER1-T,Jeu fla>>te conique 2 n'existe pas
FR-72336-SOLES-STPIER1-T,Jeu fla>>te a  chemina(c)e 8 n'existe pas
FR-72336-SOLES-STPIER1-T,Jeu fla>>te a  fuseau 4 n'existe pas
FR-72336-SOLES-STPIER1-T,Clavier RÃ©cit expressif n'existe pas
FR-72336-SOLES-STPIER1-T,Jeu bourdon a  chemina(c)e 8 n'existe pas
FR-72336-SOLES-STPIER1-T,Jeu douaSSaine 16 n'existe pas
FR-72336-SOLES-STPIER1-T,"Pas de facteur trouvé dans ""travaux d\'entretien en 1977 (pierre cha(c)ron), 2009 (dlfo) et 2010 (jean-marie tricoteaux)."" pour ('schwenkedel', '1967')"
FR-72154-FLECH-STTHOM1-X,Transmission 'MÃ©canique' n'existe pas
FR-72154-FLECH-STTHOM1-X,Tirage 'MÃ©canique' n'existe pas
FR-85047-CHALL-NDASSO1-X,Transmission 'MÃ©canique' n'existe pas
FR-85047-CHALL-NDASSO1-X,Tirage 'MÃ©canique' n'existe pas
FR-85047-CHALL-NDASSO1-X,Jeu quinte 2 2/3 n'existe pas
FR-85047-CHALL-NDASSO1-X,Jeu fla>>te a  chemina(c)e 4 n'existe pas
FR-85047-CHALL-NDASSO1-X,Facteur ra c my mahler n'éxiste pas
FR-49201-MENIT-STJBAP1-X,Transmission 'MÃ©canique' n'existe pas
FR-49201-MENIT-STJBAP1-X,Tirage 'MÃ©canique' n'existe pas
FR-49201-MENIT-STJBAP1-X,Accessoire RÃ©cit / Grand-Orgue n'existe pas
FR-49201-MENIT-STJBAP1-X,Accessoire Tremblant RÃ©cit n'existe pas
FR-49201-MENIT-STJBAP1-X,Jeu fla>>te 8 n'existe pas
FR-49201-MENIT-STJBAP1-X,Clavier RÃ©cit expressif n'existe pas
FR-49201-MENIT-STJBAP1-X,L'étendu du clavier de 37 notes n'est pas connus
FR-49201-MENIT-STJBAP1-X,Jeu voix ca(c)leste 8 n'existe pas
FR-49201-MENIT-STJBAP1-X,Jeu fla>>te octaviante 4 n'existe pas
FR-49201-MENIT-STJBAP1-X,L'étendu du clavier de 18 notes n'est pas connus
FR-49201-MENIT-STJBAP1-X,Jeu (pas de jeu propre) n'existe pas
FR-49201-MENIT-STJBAP1-X,"Pas de facteur trouvé dans ""2007: remise en a(c)tat par mbgo avec installation d\'une soufflerie a(c)lectrique."" pour ('hulbert', '1842'),('bonn', '1869'),('debierre', '1898')"
FR-53130-LAVAL-TRINIT1-T,Transmission 'MÃ©canique' n'existe pas
FR-53130-LAVAL-TRINIT1-T,Tirage 'MÃ©canique' n'existe pas
FR-53130-LAVAL-TRINIT1-T,Jeu fla>>te 4 n'existe pas
FR-53130-LAVAL-TRINIT1-T,Clavier RÃ©cit expressif n'existe pas
FR-53130-LAVAL-TRINIT1-T,Jeu fla>>te harmonique 8 n'existe pas
FR-53130-LAVAL-TRINIT1-T,Jeu voix ca(c)leste 8 n'existe pas
FR-53130-LAVAL-TRINIT1-T,Jeu fla>>te octaviante 4 n'existe pas
FR-53130-LAVAL-TRINIT1-T,Jeu fla>>te 16 n'existe pas
FR-53130-LAVAL-TRINIT1-T,Jeu fla>>te 8 n'existe pas
FR-53130-LAVAL-TRINIT1-T,Facteur cavailla c coll n'éxiste pas
FR-53130-LAVAL-TRINIT1-T,"Historique : 1651 : premiÃ¨re mention d\'un organiste dans les archives. pour (1651, None, premiÃ¨re mention d\'un organiste dans les archives.)"
FR-53130-LAVAL-TRINIT1-T,Facteur cavailla c coll n'éxiste pas
FR-53130-LAVAL-TRINIT1-T,Facteur cavailla c coll n'éxiste pas
FR-53130-LAVAL-TRINIT1-T,Facteur cavailla c coll n'éxiste pas
FR-53130-LAVAL-TRINIT1-T,Facteur cavailla c coll n'éxiste pas
FR-53130-LAVAL-TRINIT1-T,"Pas de facteur trouvé dans ""1935 : restauration par gloton-debierre."" pour ('cavailla c coll', '1853')"
FR-53130-LAVAL-TRINIT1-T,"Pas de facteur trouvé dans ""1980 : restauration par jean renaud."" pour ('cavailla c coll', '1853')"
FR-44109-NANTE-STNICO1-T,Transmission 'Ã‰lectropneumatique' n'existe pas
FR-44109-NANTE-STNICO1-T,Tirage 'Ã‰lectropneumatique' n'existe pas
FR-44109-NANTE-STNICO1-T,Accessoire Tirasse RÃ©cit n'existe pas
FR-44109-NANTE-STNICO1-T,Accessoire Tirasse RÃ©cit 4\' n'existe pas
FR-44109-NANTE-STNICO1-T,Accessoire RÃ©cit / Grand-Orgue n'existe pas
FR-44109-NANTE-STNICO1-T,Accessoire RÃ©cit / Positif n'existe pas
FR-44109-NANTE-STNICO1-T,Accessoire RÃ©cit / Grand-Orgue 16\' n'existe pas
FR-44109-NANTE-STNICO1-T,Accessoire RÃ©cit / Positif 16\' n'existe pas
FR-44109-NANTE-STNICO1-T,Accessoire RÃ©cit / RÃ©cit 16\' n'existe pas
FR-44109-NANTE-STNICO1-T,Accessoire Anches PÃ©dale n'existe pas
FR-44109-NANTE-STNICO1-T,Accessoire Anches RÃ©cit n'existe pas
FR-44109-NANTE-STNICO1-T,Accessoire Tremblant RÃ©cit n'existe pas
FR-44109-NANTE-STNICO1-T,Jeu fla>>te harmonique 8 n'existe pas
FR-44109-NANTE-STNICO1-T,Jeu fla>>te 8 n'existe pas
FR-44109-NANTE-STNICO1-T,Jeu quinte 2 2/3 n'existe pas
FR-44109-NANTE-STNICO1-T,Clavier RÃ©cit expressif n'existe pas
FR-44109-NANTE-STNICO1-T,Jeu fla>>te creuse 8 n'existe pas
FR-44109-NANTE-STNICO1-T,Jeu voix ca(c)leste 8 n'existe pas
FR-44109-NANTE-STNICO1-T,"Jeu septia""me 1 1/7 n'existe pas"
FR-44109-NANTE-STNICO1-T,Jeu fla>>te 16 n'existe pas
FR-44109-NANTE-STNICO1-T,Jeu fla>>te 8 n'existe pas
FR-44109-NANTE-STNICO1-T,Jeu fla>>te 4 n'existe pas
FR-44109-NANTE-STSTAN1-X,Transmission 'MÃ©canique' n'existe pas
FR-44109-NANTE-STSTAN1-X,Tirage 'MÃ©canique' n'existe pas
FR-44109-NANTE-STSTAN1-X,Accessoire Tirasse RÃ©cit n'existe pas
FR-44109-NANTE-STSTAN1-X,Accessoire RÃ©cit / Grand-Orgue n'existe pas
FR-44109-NANTE-STSTAN1-X,Accessoire RÃ©cit / Grand-Orgue 16\' n'existe pas
FR-44109-NANTE-STSTAN1-X,Accessoire Appel Anches RÃ©cit n'existe pas
FR-44109-NANTE-STSTAN1-X,Accessoire Retrait Anches RÃ©cit n'existe pas
FR-44109-NANTE-STSTAN1-X,Accessoire Tremblant RÃ©cit n'existe pas
FR-44109-NANTE-STSTAN1-X,Jeu fla>>te harmonique 8 n'existe pas
FR-44109-NANTE-STSTAN1-X,Clavier RÃ©cit expressif n'existe pas
FR-44109-NANTE-STSTAN1-X,Jeu voix ca(c)leste 8 n'existe pas
FR-44109-NANTE-STSTAN1-X,Jeu fla>>te octaviante 4 n'existe pas
FR-85129-L_BOU-STPIER1-X,Transmission 'MÃ©canique' n'existe pas
FR-85129-L_BOU-STPIER1-X,Tirage 'Ã‰lectrique' n'existe pas
FR-85129-L_BOU-STPIER1-X,Jeu fla>>te a  chemina(c)e 8 n'existe pas
FR-85129-L_BOU-STPIER1-X,Jeu fla>>te 2 n'existe pas
FR-85129-L_BOU-STPIER1-X,Jeu fla>>te a  chemina(c)e 4 n'existe pas
FR-85129-L_BOU-STPIER1-X,Jeu fla>>te 8 n'existe pas
FR-85129-L_BOU-STPIER1-X,"Historique : 1984 : orgue Oberthur rÃ©utilisant la tuyauterie de l\'ancien orgue Weltzel (1870) de Saint-Jean de Belfort. pour (1984, None, orgue Oberthur rÃ©utilisant la tuyauterie de l\'ancien orgue Weltzel (1870) de Saint-Jean de Belfort.)"
FR-85129-L_BOU-STPIER1-X,"Pas de facteur trouvé dans """" pour ('oberthur', '1985')"
FR-85129-L_BOU-STPIER1-X,"Historique :  pour (None, None, )"
FR-44131-PORNI-CHAIRE1-X,Transmission 'MÃ©canique' n'existe pas
FR-44131-PORNI-CHAIRE1-X,Tirage 'MÃ©canique' n'existe pas
FR-44131-PORNI-CHAIRE1-X,Jeu fla>>te 8 n'existe pas
FR-44131-PORNI-CHAIRE1-X,Jeu voix ca(c)leste 8 n'existe pas
FR-44131-PORNI-CHAIRE1-X,Jeu clairon-hautbois 4 -8 n'existe pas
FR-44131-PORNI-CHAIRE1-X,"Historique : Orgue attribuÃ© Ã  Alizon (Mirecourt dÃ©but XIXe siÃ¨cle) pour (1850, None, Orgue attribuÃ© Ã  Alizon (Mirecourt dÃ©but XIXe siÃ¨cle))"
FR-49092-C_ANJ-NDAMEV1-X,Transmission 'MÃ©canique' n'existe pas
FR-49092-C_ANJ-NDAMEV1-X,Tirage 'MÃ©canique' n'existe pas
FR-49092-C_ANJ-NDAMEV1-X,Accessoire Tirasse RÃ©cit n'existe pas
FR-49092-C_ANJ-NDAMEV1-X,Accessoire RÃ©cit / Grand-Orgue n'existe pas
FR-49092-C_ANJ-NDAMEV1-X,Accessoire Tremblant RÃ©cit n'existe pas
FR-49092-C_ANJ-NDAMEV1-X,Jeu plein-jeu n'existe pas
FR-49092-C_ANJ-NDAMEV1-X,Clavier RÃ©cit n'existe pas
FR-49092-C_ANJ-NDAMEV1-X,Jeu fla>>te 4 n'existe pas
FR-49092-C_ANJ-NDAMEV1-X,"Pas de facteur trouvé dans ""1969 : l\'orgue est descendu dans la nef, a(c)lectrifia(c) et transforma(c) par roger lambert."" pour ('merklin', '1914'),('mbgo', '1993')"
FR-49092-C_ANJ-NDAMEV1-X,"Historique : 1969 : l\'orgue est descendu dans la nef, Ã©lectrifiÃ© et transformÃ© par Roger Lambert. pour (1969, None, l\'orgue est descendu dans la nef, Ã©lectrifiÃ© et transformÃ© par Roger Lambert.)"
FR-85155-M_CAP-STMART1-X,Transmission 'MÃ©canique' n'existe pas
FR-85155-M_CAP-STMART1-X,Tirage 'MÃ©canique' n'existe pas
FR-85155-M_CAP-STMART1-X,Etat 'None' n'existe pas
FR-85155-M_CAP-STMART1-X,Jeu fla>>te 8 n'existe pas
FR-85155-M_CAP-STMART1-X,Jeu bourdon n'existe pas
FR-85155-M_CAP-STMART1-X,Jeu prestant n'existe pas
FR-85155-M_CAP-STMART1-X,Jeu fla>>te 4 n'existe pas
FR-85155-M_CAP-STMART1-X,Jeu fla>>te 4 n'existe pas
FR-85155-M_CAP-STMART1-X,Jeu fla>>te 8 n'existe pas
FR-85146-M_VEN-STJBAP1-X,Transmission 'MÃ©canique' n'existe pas
FR-85146-M_VEN-STJBAP1-X,Tirage 'Ã‰lectropneumatique' n'existe pas
FR-85146-M_VEN-STJBAP1-X,Accessoire Tirasse RÃ©cit n'existe pas
FR-85146-M_VEN-STJBAP1-X,Accessoire RÃ©cit / Grand-Orgue n'existe pas
FR-85146-M_VEN-STJBAP1-X,Accessoire Anches PÃ©dale n'existe pas
FR-85146-M_VEN-STJBAP1-X,Accessoire Anches RÃ©cit n'existe pas
FR-85146-M_VEN-STJBAP1-X,Accessoire Tremblant RÃ©cit n'existe pas
FR-85146-M_VEN-STJBAP1-X,Jeu fla>>te 8 n'existe pas
FR-85146-M_VEN-STJBAP1-X,Jeu fla>>te 4 n'existe pas
FR-85146-M_VEN-STJBAP1-X,Clavier RÃ©cit expressif n'existe pas
FR-85146-M_VEN-STJBAP1-X,Jeu voix ca(c)leste 8 n'existe pas
FR-85146-M_VEN-STJBAP1-X,Jeu fla>>te 8 n'existe pas
FR-85146-M_VEN-STJBAP1-X,"Pas de facteur trouvé dans """" pour ('stoltz', '1892'),('beuchet debierre', '1958'),('renaud', '1984')"
FR-85146-M_VEN-STJBAP1-X,"Historique :  pour (None, None, )"
FR-44109-NANTE-STCLEM1-X,Transmission 'Ã‰lectropneumatique' n'existe pas
FR-44109-NANTE-STCLEM1-X,Tirage 'Ã‰lectropneumatique' n'existe pas
FR-44109-NANTE-STCLEM1-X,Accessoire Tirasse RÃ©cit n'existe pas
FR-44109-NANTE-STCLEM1-X,Accessoire Tirasse RÃ©cit 4\' n'existe pas
FR-44109-NANTE-STCLEM1-X,Accessoire RÃ©cit / Grand-Orgue n'existe pas
FR-44109-NANTE-STCLEM1-X,Accessoire RÃ©cit / Positif n'existe pas
FR-44109-NANTE-STCLEM1-X,Jeu fla>>te harmonique 8 n'existe pas
FR-44109-NANTE-STCLEM1-X,Jeu fla>>te 4 n'existe pas
FR-44109-NANTE-STCLEM1-X,Jeu fla>>te 8 n'existe pas
FR-44109-NANTE-STCLEM1-X,Clavier RÃ©cit expressif n'existe pas
FR-44109-NANTE-STCLEM1-X,Jeu voix ca(c)leste 8 n'existe pas
FR-44109-NANTE-STCLEM1-X,Jeu fla>>te 4 n'existe pas
FR-44109-NANTE-STCLEM1-X,Jeu fla>>te 4 n'existe pas
FR-44109-NANTE-STCLEM1-X,Facteur robert fra res n'éxiste pas
FR-44109-NANTE-STCLEM1-X,Facteur robert fra res n'éxiste pas
FR-44020-BOUGU-STPIER1-X,Transmission 'Ã‰lectropneumatique' n'existe pas
FR-44020-BOUGU-STPIER1-X,Tirage 'Ã‰lectropneumatique' n'existe pas
FR-44020-BOUGU-STPIER1-X,Accessoire Tirasse RÃ©cit n'existe pas
FR-44020-BOUGU-STPIER1-X,Accessoire RÃ©cit / Grand-Orgue n'existe pas
FR-44020-BOUGU-STPIER1-X,Accessoire RÃ©cit / Grand-Orgue 16\' n'existe pas
FR-44020-BOUGU-STPIER1-X,Accessoire RÃ©cit / RÃ©cit 16\' n'existe pas
FR-44020-BOUGU-STPIER1-X,Accessoire Anches RÃ©cit n'existe pas
FR-44020-BOUGU-STPIER1-X,Accessoire Tremblant RÃ©cit n'existe pas
FR-44020-BOUGU-STPIER1-X,Jeu fla>>te harmonique 8 n'existe pas
FR-44020-BOUGU-STPIER1-X,Jeu (deux jeux en attente) n'existe pas
FR-44020-BOUGU-STPIER1-X,Clavier RÃ©cit expressif n'existe pas
FR-44020-BOUGU-STPIER1-X,Jeu (un jeu en attente) n'existe pas
FR-44020-BOUGU-STPIER1-X,Jeu voix ca(c)leste 8 n'existe pas
FR-44020-BOUGU-STPIER1-X,Jeu fla>>te octaviante 4 n'existe pas
FR-44020-BOUGU-STPIER1-X,Jeu fla>>te 4 n'existe pas
FR-44020-BOUGU-STPIER1-X,"Pas de facteur trouvé dans ""1994 : relevage par claude thibaud."" pour ('gloton debierre', '1945')"
FR-44204-T_LOI-STVINC1-X,Transmission 'MÃ©canique' n'existe pas
FR-44204-T_LOI-STVINC1-X,Tirage 'MÃ©canique' n'existe pas
FR-44204-T_LOI-STVINC1-X,Accessoire Tirasse RÃ©cit n'existe pas
FR-44204-T_LOI-STVINC1-X,Accessoire RÃ©cit / Grand-Orgue n'existe pas
FR-44204-T_LOI-STVINC1-X,Jeu fla>>te 8 n'existe pas
FR-44204-T_LOI-STVINC1-X,Clavier RÃ©cit expressif n'existe pas
FR-44204-T_LOI-STVINC1-X,"Jeu quintada""ne 8 n'existe pas"
FR-44204-T_LOI-STVINC1-X,Jeu octave-quinte n'existe pas
FR-44204-T_LOI-STVINC1-X,Jeu basson-hautbois n'existe pas
FR-44204-T_LOI-STVINC1-X,Jeu fla>>te 4 n'existe pas
FR-44204-T_LOI-STVINC1-X,"Pas de facteur trouvé dans ""1988 : remontage de la,a'orgue a  thouara(c) par claude thibaud."" pour ('debierre', '1912'),('beuchet debierre', '1960'),('hurvy', '1994')"
FR-44003-A_GER-STPIER1-X,Transmission 'MÃ©canique' n'existe pas
FR-44003-A_GER-STPIER1-X,Tirage 'Ã‰lectrique' n'existe pas
FR-44003-A_GER-STPIER1-X,Jeu fla>>te 2 n'existe pas
FR-44003-A_GER-STPIER1-X,Jeu fla>>te 8 n'existe pas
FR-85071-COMME-STMART1-X,Transmission 'MÃ©canique' n'existe pas
FR-85071-COMME-STMART1-X,Tirage 'MÃ©canique' n'existe pas
FR-85071-COMME-STMART1-X,Accessoire Tirasse RÃ©sonance n'existe pas
FR-85071-COMME-STMART1-X,Accessoire Grand-Orgue/RÃ©sonnance n'existe pas
FR-85071-COMME-STMART1-X,Accessoire Positif / RÃ©sonnance n'existe pas
FR-85071-COMME-STMART1-X,Accessoire RÃ©cit/Positif n'existe pas
FR-85071-COMME-STMART1-X,Accessoire Tremblant fort Grand-Orgue et RÃ©sonnance n'existe pas
FR-85071-COMME-STMART1-X,Accessoire Tremblant doux RÃ©sonnance et RÃ©cit n'existe pas
FR-85071-COMME-STMART1-X,Jeu quinte 2 2/3 n'existe pas
FR-85071-COMME-STMART1-X,Jeu trompette royale 4/8 n'existe pas
FR-85071-COMME-STMART1-X,Clavier RÃ©sonance n'existe pas
FR-85071-COMME-STMART1-X,Jeu fla>>te 8 n'existe pas
FR-85071-COMME-STMART1-X,Jeu fla>>te 4 n'existe pas
FR-85071-COMME-STMART1-X,Jeu petite fla>>te 4 n'existe pas
FR-85071-COMME-STMART1-X,Clavier RÃ©cit n'existe pas
FR-85071-COMME-STMART1-X,L'étendu du clavier de 30 notes n'est pas connus
FR-85071-COMME-STMART1-X,Jeu fla>>te douce 8 n'existe pas
FR-85071-COMME-STMART1-X,Jeu grosse fla>>te boucha(c)e 16 n'existe pas
FR-85071-COMME-STMART1-X,Jeu fla>>te ouverte 8 n'existe pas
FR-85071-COMME-STMART1-X,Facteur ba c na c voles n'éxiste pas
FR-85071-COMME-STMART1-X,Facteur ba c na c voles n'éxiste pas
FR-85071-COMME-STMART1-X,"Historique : 2005 : achÃ¨vement par Jean-Pierre Conan pour (2005, None, achÃ¨vement par Jean-Pierre Conan)"
FR-85071-COMME-STMART1-X,Facteur ba c na c voles n'éxiste pas
FR-85071-COMME-STMART1-X,"Historique : Le buffet d\'orgue allie le classicisme des formes (larges corniches et moulures en chÃªne massif) et art contemporain : l\'ange qui jaillit de l\'instrument au milieu des tuyaux est l\'oeuvre de l\'artiste plasticienne Laurence Bernot (2005). pour (2005, None, l\'ange qui jaillit de l\'instrument au milieu des tuyaux est l\'oeuvre de l\'artiste plasticienne Laurence Bernot (2005).)"
FR-85178-P_VIE-STPIER1-X,Accessoire Tirasse RÃ©cit n'existe pas
FR-85178-P_VIE-STPIER1-X,Accessoire RÃ©cit / Grand-Orgue n'existe pas
FR-85178-P_VIE-STPIER1-X,Accessoire RÃ©cit / Grand-Orgue 16\' n'existe pas
FR-85178-P_VIE-STPIER1-X,Accessoire Anches PÃ©dale n'existe pas
FR-85178-P_VIE-STPIER1-X,Accessoire Anches RÃ©cit n'existe pas
FR-85178-P_VIE-STPIER1-X,Accessoire Appel Forte gÃ©nÃ©ral n'existe pas
FR-85178-P_VIE-STPIER1-X,Accessoire TrÃ©molo n'existe pas
FR-85178-P_VIE-STPIER1-X,Jeu fla>>te harmonique 8 n'existe pas
FR-85178-P_VIE-STPIER1-X,Clavier RÃ©cit expressif n'existe pas
FR-85178-P_VIE-STPIER1-X,"Jeu fla>>te traversia""re 8 n'existe pas"
FR-85178-P_VIE-STPIER1-X,Jeu voix ca(c)leste 8 n'existe pas
FR-85178-P_VIE-STPIER1-X,Jeu fla>>te octaviante 4 n'existe pas
FR-85178-P_VIE-STPIER1-X,Jeu fla>>te 8 n'existe pas
FR-85178-P_VIE-STPIER1-X,Jeu fla>>te 4 n'existe pas
FR-85178-P_VIE-STPIER1-X,"Pas de facteur trouvé dans ""1950 : travaux par beuchet-debierre"" pour ('abbey', '1896')"
FR-85178-P_VIE-STPIER1-X,"Pas de facteur trouvé dans ""1982 : installation au poira(c)-sur-vie par bernard chevrier"" pour ('abbey', '1896')"
FR-85178-P_VIE-STPIER1-X,"Pas de facteur trouvé dans ""200 : restauration par robert fra""res"" pour ('abbey', '1896')"
FR-85178-P_VIE-STPIER1-X,"Historique : 200 : restauration par Robert FrÃ¨res pour (None, restauration, restauration par Robert FrÃ¨res)"
FR-85065-C_PAI-SSPEPL1-X,Transmission 'MÃ©canique' n'existe pas
FR-85065-C_PAI-SSPEPL1-X,Tirage 'MÃ©canique' n'existe pas
FR-85065-C_PAI-SSPEPL1-X,Jeu rohrflaPte 4 n'existe pas
FR-85065-C_PAI-SSPEPL1-X,Jeu sifflaPte 1 n'existe pas
FR-85065-C_PAI-SSPEPL1-X,Jeu rohrflaPte 8 n'existe pas
FR-85065-C_PAI-SSPEPL1-X,Jeu spitzflaPte 4 n'existe pas
FR-49355-TREME-NDAMEV1-X,Transmission 'MÃ©canique' n'existe pas
FR-49355-TREME-NDAMEV1-X,Tirage 'MÃ©canique' n'existe pas
FR-49355-TREME-NDAMEV1-X,Jeu cymbale n'existe pas
FR-49355-TREME-NDAMEV1-X,Jeu fla>>te 8 n'existe pas
FR-49355-TREME-NDAMEV1-X,Jeu (pas de jeu propre) n'existe pas
FR-49355-TREME-NDAMEV1-X,"Historique : Orgue provenant du conservatoire d\'AngoulÃªme, achetÃ© en 1982 et remontÃ© par A. Thomas. Accord gÃ©nÃ©ral par le mÃªme en 1984. pour (1982, None, Orgue provenant du conservatoire d\'AngoulÃªme, achetÃ© en 1982 et remontÃ© par A. Thomas. Accord gÃ©nÃ©ral par le mÃªme en 1984.)"
FR-49023-B_MAU-NDAMEV1-X,Transmission 'Ã‰lectropneumatique' n'existe pas
FR-49023-B_MAU-NDAMEV1-X,Tirage 'Ã‰lectropneumatique' n'existe pas
FR-49023-B_MAU-NDAMEV1-X,Accessoire Tirasse RÃ©cit n'existe pas
FR-49023-B_MAU-NDAMEV1-X,Accessoire RÃ©cit / Grand-Orgue n'existe pas
FR-49023-B_MAU-NDAMEV1-X,Jeu fla>>te a  chemina(c)e 8 n'existe pas
FR-49023-B_MAU-NDAMEV1-X,Clavier RÃ©cit expressif n'existe pas
FR-49023-B_MAU-NDAMEV1-X,Jeu quinte 2 2/3 n'existe pas
FR-49023-B_MAU-NDAMEV1-X,"Historique : 1972 : achÃ¨vement par Jean Renaud. pour (1972, None, achÃ¨vement par Jean Renaud.)"
FR-53097-EVRON-NDEPIN1-X,Transmission 'MÃ©canique' n'existe pas
FR-53097-EVRON-NDEPIN1-X,Tirage 'MÃ©canique' n'existe pas
FR-53097-EVRON-NDEPIN1-X,Etat '' n'existe pas
FR-53097-EVRON-NDEPIN1-X,Accessoire Tirasse RÃ©cit n'existe pas
FR-53097-EVRON-NDEPIN1-X,Accessoire RÃ©cit / Grand-Orgue n'existe pas
FR-53097-EVRON-NDEPIN1-X,Accessoire TrÃ©molo n'existe pas
FR-53097-EVRON-NDEPIN1-X,Jeu ka(c)raulophone 8 n'existe pas
FR-53097-EVRON-NDEPIN1-X,Jeu fla>>te harmonique 8 n'existe pas
FR-53097-EVRON-NDEPIN1-X,Clavier RÃ©cit expressif n'existe pas
FR-53097-EVRON-NDEPIN1-X,Jeu fla>>te 8 n'existe pas
FR-53097-EVRON-NDEPIN1-X,Jeu voix ca(c)leste 8 n'existe pas
FR-53097-EVRON-NDEPIN1-X,Jeu fla>>te octaviante 4 n'existe pas
FR-53097-EVRON-NDEPIN1-X,"Pas de facteur trouvé dans ""1623 : \""ra(c)fection\"" de l\'orgue avec buffet neuf placa(c) dans le bas-ca'ta(c) de la nef."" pour ('goydadin', '1877'),('roethinger', '1964')"
FR-53097-EVRON-NDEPIN1-X,"Historique : 1623 : \""rÃ©fection\"" de l\'orgue avec buffet neuf placÃ© dans le bas-cÃ´tÃ© de la nef. pour (1623, None, \""rÃ©fection\"" de l\'orgue avec buffet neuf placÃ© dans le bas-cÃ´tÃ© de la nef.)"
FR-53097-EVRON-NDEPIN1-X,"Pas de facteur trouvé dans ""1666 : reconstruction par thomas alport dans la tribune actuelle (3 cl. 30 jeux)"" pour ('goydadin', '1877'),('roethinger', '1964')"
FR-53097-EVRON-NDEPIN1-X,"Pas de facteur trouvé dans ""1827 : remise en service par joseph hamard."" pour ('goydadin', '1877'),('roethinger', '1964')"
FR-53097-EVRON-NDEPIN1-X,"Pas de facteur trouvé dans ""1833 : ra(c)vision par armand-tha(c)odore guillouard."" pour ('goydadin', '1877'),('roethinger', '1964')"
FR-53097-EVRON-NDEPIN1-X,"Historique : 1833 : rÃ©vision par Armand-ThÃ©odore Guillouard. pour (1833, None, rÃ©vision par Armand-ThÃ©odore Guillouard.)"
FR-53097-EVRON-NDEPIN1-X,"Pas de facteur trouvé dans ""1939 : ventilateur a(c)lectrique fourni par gloton-debierre."" pour ('goydadin', '1877'),('roethinger', '1964')"
FR-44215-VERTO-DEPART1-X,Transmission 'Ã‰lectropneumatique' n'existe pas
FR-44215-VERTO-DEPART1-X,Accessoire Tirasse RÃ©cit n'existe pas
FR-44215-VERTO-DEPART1-X,Accessoire RÃ©cit / Grand-Orgue n'existe pas
FR-44215-VERTO-DEPART1-X,Accessoire RÃ©cit / Positif n'existe pas
FR-44215-VERTO-DEPART1-X,Accessoire RÃ©cit / Grand-Orgue 16\' n'existe pas
FR-44215-VERTO-DEPART1-X,Accessoire RÃ©cit / RÃ©cit 16\' n'existe pas
FR-44215-VERTO-DEPART1-X,Accessoire RÃ©cit / RÃ©cit 4\' n'existe pas
FR-44215-VERTO-DEPART1-X,Jeu fla>>te douce 4 n'existe pas
FR-44215-VERTO-DEPART1-X,Jeu quinte 2 2/3 n'existe pas
FR-44215-VERTO-DEPART1-X,Jeu fla>>te 2 n'existe pas
FR-44215-VERTO-DEPART1-X,Jeu bourdon a  chemina(c)e 8 n'existe pas
FR-44215-VERTO-DEPART1-X,Jeu quinte 2 2/3 n'existe pas
FR-44215-VERTO-DEPART1-X,Clavier RÃ©cit expressif n'existe pas
FR-44215-VERTO-DEPART1-X,Jeu fla>>te a  fuseau 8 n'existe pas
FR-44215-VERTO-DEPART1-X,Jeu voix ca(c)leste 8 n'existe pas
FR-44215-VERTO-DEPART1-X,Jeu tremblant n'existe pas
FR-44215-VERTO-DEPART1-X,Jeu fla>>te 4 n'existe pas
FR-44109-NANTE-STCROI1-X,Transmission 'Ã‰lectropneumatique' n'existe pas
FR-44109-NANTE-STCROI1-X,Tirage 'Ã‰lectropneumatique' n'existe pas
FR-44109-NANTE-STCROI1-X,Accessoire Tirasse RÃ©cit n'existe pas
FR-44109-NANTE-STCROI1-X,Accessoire RÃ©cit / Grand-Orgue n'existe pas
FR-44109-NANTE-STCROI1-X,Accessoire Anches PÃ©dale n'existe pas
FR-44109-NANTE-STCROI1-X,Accessoire Anches RÃ©cit n'existe pas
FR-44109-NANTE-STCROI1-X,Accessoire Tremblant RÃ©cit n'existe pas
FR-44109-NANTE-STCROI1-X,Jeu fla>>te 8 n'existe pas
FR-44109-NANTE-STCROI1-X,Clavier RÃ©cit expressif n'existe pas
FR-44109-NANTE-STCROI1-X,Jeu voix ca(c)leste 8 n'existe pas
FR-44109-NANTE-STCROI1-X,Jeu fla>>te 4 n'existe pas
FR-44109-NANTE-STNICO1-C,Transmission 'MÃ©canique' n'existe pas
FR-44109-NANTE-STNICO1-C,Tirage 'MÃ©canique' n'existe pas
FR-44109-NANTE-STNICO1-C,Accessoire Tirasse RÃ©cit n'existe pas
FR-44109-NANTE-STNICO1-C,Accessoire RÃ©cit / Grand-Orgue n'existe pas
FR-44109-NANTE-STNICO1-C,Accessoire RÃ©cit / Grand-Orgue 4\' n'existe pas
FR-44109-NANTE-STNICO1-C,Accessoire Appel-Retrait Anches RÃ©cit n'existe pas
FR-44109-NANTE-STNICO1-C,Accessoire Tremblant RÃ©cit n'existe pas
FR-44109-NANTE-STNICO1-C,Clavier RÃ©cit expressif n'existe pas
FR-44109-NANTE-STNICO1-C,Jeu fla>>te harmonique 8 n'existe pas
FR-44109-NANTE-STNICO1-C,Jeu voix ca(c)leste 8 n'existe pas
FR-44109-NANTE-STNICO1-C,Jeu fla>>te octaviante 4 n'existe pas
FR-44109-NANTE-STDONA1-X,Transmission 'MÃ©canique' n'existe pas
FR-44109-NANTE-STDONA1-X,Tirage 'Ã‰lectropneumatique' n'existe pas
FR-44109-NANTE-STDONA1-X,Accessoire Tirasse RÃ©cit n'existe pas
FR-44109-NANTE-STDONA1-X,Accessoire RÃ©cit / Grand-Orgue n'existe pas
FR-44109-NANTE-STDONA1-X,Jeu fla>>te 4 n'existe pas
FR-44109-NANTE-STDONA1-X,Clavier RÃ©cit expressif n'existe pas
FR-44109-NANTE-STDONA1-X,Jeu voix ca(c)leste 8 n'existe pas
FR-44109-NANTE-STDONA1-X,Jeu fla>>te conique 4 n'existe pas
FR-44109-NANTE-STDONA1-X,Jeu fla>>te 8 n'existe pas
FR-44109-NANTE-STDONA1-X,Jeu fla>>te 4 n'existe pas
FR-44109-NANTE-STDONA1-X,Jeu fla>>te 2 n'existe pas
FR-44109-NANTE-STDONA1-X,Jeu ra(c)gale 8 n'existe pas
FR-44109-NANTE-STDONA1-X,"Pas de facteur trouvé dans ""2015 : destruction dans un incendie (15 juin)."" pour ('debierre', '1881'),('renaud', '1971')"
FR-44109-NANTE-STJACQ1-X,Transmission 'MÃ©canique' n'existe pas
FR-44109-NANTE-STJACQ1-X,Tirage 'MÃ©canique' n'existe pas
FR-44109-NANTE-STJACQ1-X,Jeu fla>>te harmonique 8 n'existe pas
FR-44109-NANTE-STJACQ1-X,L'étendu du clavier de 20 notes n'est pas connus
FR-44109-NANTE-STJACQ1-X,Jeu (pas de jeu propre) n'existe pas
FR-44109-NANTE-STJACQ1-X,"Pas de facteur trouvé dans ""1983 : restauration de claude madigout (fourniture neuve a  la place de la voix ca(c)leste)"" pour ('debierre', '1891')"
FR-44109-NANTE-STMADE1-X,Transmission 'Ã‰lectropneumatique' n'existe pas
FR-44109-NANTE-STMADE1-X,Tirage 'Ã‰lectropneumatique' n'existe pas
FR-44109-NANTE-STMADE1-X,Accessoire Tirasse RÃ©cit n'existe pas
FR-44109-NANTE-STMADE1-X,Accessoire Tirasse RÃ©cit 4\' n'existe pas
FR-44109-NANTE-STMADE1-X,Accessoire RÃ©cit / Grand-Orgue 16\' n'existe pas
FR-44109-NANTE-STMADE1-X,Accessoire RÃ©cit / Positif 16\' n'existe pas
FR-44109-NANTE-STMADE1-X,Accessoire RÃ©cit / Grand-Orgue 8\' n'existe pas
FR-44109-NANTE-STMADE1-X,Accessoire RÃ©cit / Positif 8\' n'existe pas
FR-44109-NANTE-STMADE1-X,Accessoire RÃ©cit / Grand-Orgue 4\' n'existe pas
FR-44109-NANTE-STMADE1-X,Accessoire RÃ©cit / Positif 4\' n'existe pas
FR-44109-NANTE-STMADE1-X,Accessoire RÃ©cit 16\' n'existe pas
FR-44109-NANTE-STMADE1-X,Accessoire Annulateur RÃ©cit 8\' n'existe pas
FR-44109-NANTE-STMADE1-X,Accessoire RÃ©cit 4\' n'existe pas
FR-44109-NANTE-STMADE1-X,Accessoire Annulateur Mixtures RÃ©cit n'existe pas
FR-44109-NANTE-STMADE1-X,Accessoire Annulateur Anches PÃ©dale n'existe pas
FR-44109-NANTE-STMADE1-X,Accessoire Annulateur Anches RÃ©cit n'existe pas
FR-44109-NANTE-STMADE1-X,Jeu fla>>te 8 n'existe pas
FR-44109-NANTE-STMADE1-X,Jeu fla>>te a  chemina(c)e 4 n'existe pas
FR-44109-NANTE-STMADE1-X,Clavier RÃ©cit expressif n'existe pas
FR-44109-NANTE-STMADE1-X,Jeu fla>>te 8 n'existe pas
FR-44109-NANTE-STMADE1-X,Jeu fla>>te 4 n'existe pas
FR-44109-NANTE-STMADE1-X,Jeu fla>>te 16 n'existe pas
FR-44109-NANTE-STMADE1-X,Jeu fla>>te 8 n'existe pas
FR-44109-NANTE-STMADE1-X,Jeu fla>>te 4 n'existe pas
FR-49018-B_ANJ-STMEDA1-X,Transmission 'MÃ©canique' n'existe pas
FR-49018-B_ANJ-STMEDA1-X,Tirage 'MÃ©canique' n'existe pas
FR-49018-B_ANJ-STMEDA1-X,Accessoire Tirasse RÃ©cit n'existe pas
FR-49018-B_ANJ-STMEDA1-X,Accessoire RÃ©cit / Grand-Orgue n'existe pas
FR-49018-B_ANJ-STMEDA1-X,Clavier RÃ©cit expressif n'existe pas
FR-49018-B_ANJ-STMEDA1-X,L'étendu du clavier de 42 notes n'est pas connus
FR-49018-B_ANJ-STMEDA1-X,"Pas de facteur trouvé dans ""1644 : petit orgue de paul maillard, probablement constitua(c) d\'a(c)la(c)ments d\'occasion repris de l\'ancien orgue de bauga(c)."" pour ('bonn', '1865'),('debierre', '1875'),('perroux', '1953')"
FR-49328-SAUMU-NDNANT1-X,Transmission 'MÃ©canique' n'existe pas
FR-49328-SAUMU-NDNANT1-X,Tirage 'MÃ©canique' n'existe pas
FR-49328-SAUMU-NDNANT1-X,Accessoire RÃ©cit / Grand Orgue n'existe pas
FR-49328-SAUMU-NDNANT1-X,Jeu fla>>te a  chemina(c)e 4 n'existe pas
FR-49328-SAUMU-NDNANT1-X,Clavier RÃ©cit expressif n'existe pas
FR-49328-SAUMU-NDNANT1-X,L'étendu du clavier de 39 notes n'est pas connus
FR-49328-SAUMU-NDNANT1-X,Jeu fla>>te de bonn 8 n'existe pas
FR-49328-SAUMU-NDNANT1-X,Jeu voix ca(c)leste 8 n'existe pas
FR-49328-SAUMU-NDNANT1-X,Jeu fla>>te 4 n'existe pas
FR-49328-SAUMU-NDNANT1-X,Jeu fla>>te 8 n'existe pas
FR-49261-G_LOI-NDAMEV1-X,Transmission 'MÃ©canique' n'existe pas
FR-49261-G_LOI-NDAMEV1-X,Tirage 'MÃ©canique' n'existe pas
FR-49261-G_LOI-NDAMEV1-X,Accessoire Tremblant RÃ©cit n'existe pas
FR-49261-G_LOI-NDAMEV1-X,Jeu fla>>te 4 n'existe pas
FR-49261-G_LOI-NDAMEV1-X,Jeu ra(c)gale 8 n'existe pas
FR-49261-G_LOI-NDAMEV1-X,L'étendu du clavier de 46 notes n'est pas connus
FR-49261-G_LOI-NDAMEV1-X,Clavier RÃ©cit n'existe pas
FR-49261-G_LOI-NDAMEV1-X,Jeu fla>>te 8 n'existe pas
FR-49261-G_LOI-NDAMEV1-X,Jeu fla>>te 4 n'existe pas
FR-85039-BRUFF-STRADE1-X,Transmission 'MÃ©canique' n'existe pas
FR-85039-BRUFF-STRADE1-X,Tirage 'MÃ©canique' n'existe pas
FR-85039-BRUFF-STRADE1-X,Jeu fla>>te 2 n'existe pas
FR-85039-BRUFF-STRADE1-X,Jeu fla>>te a  chemina(c)e 4 n'existe pas
FR-85039-BRUFF-STRADE1-X,Jeu fla>>te 8 n'existe pas
FR-85039-BRUFF-STRADE1-X,"Pas de facteur trouvé dans ""1919 : installation par louis debierre d\'un orgue de cha""ur merklin provenant de st-martin de mayenne (1 cl. 7 jeux)"" pour ('oberthur', '1981')"
FR-85039-BRUFF-STRADE1-X,"Pas de facteur trouvé dans ""1945 : grand orgue neuf de gloton-debierre (2 cl. 19 jeux)"" pour ('oberthur', '1981')"
FR-85135-M_DIS-STSAUV1-X,Transmission 'MÃ©canique' n'existe pas
FR-85135-M_DIS-STSAUV1-X,Tirage 'MÃ©canique' n'existe pas
FR-85135-M_DIS-STSAUV1-X,Jeu fla>>te a  chemina(c)e 8 n'existe pas
FR-85135-M_DIS-STSAUV1-X,Jeu fla>>te a  chemina(c)e 4 n'existe pas
FR-85135-M_DIS-STSAUV1-X,Jeu fla>>te 8 n'existe pas
FR-85135-M_DIS-STSAUV1-X,Jeu douaSSaine 16 n'existe pas
FR-44215-VERTO-STMART1-X,Transmission 'MÃ©canique' n'existe pas
FR-44215-VERTO-STMART1-X,Tirage 'MÃ©canique' n'existe pas
FR-44215-VERTO-STMART1-X,Jeu fla>>te 8 n'existe pas
FR-44215-VERTO-STMART1-X,Jeu fla>>te 4 n'existe pas
FR-44215-VERTO-STMART1-X,Facteur ma c noret n'éxiste pas
FR-44215-VERTO-STMART1-X,"Pas de facteur trouvé dans ""2002 : installation a  vertou"" pour ('ma c noret', '1998')"
FR-44135-POULI-STNICO1-X,Transmission 'MÃ©canique' n'existe pas
FR-44135-POULI-STNICO1-X,Tirage 'Ã‰lectrique' n'existe pas
FR-44135-POULI-STNICO1-X,Accessoire Tirasse RÃ©sonance n'existe pas
FR-44135-POULI-STNICO1-X,Accessoire Tirasse RÃ©sonance 4\' n'existe pas
FR-44135-POULI-STNICO1-X,Accessoire RÃ©sonance / Grand-Orgue n'existe pas
FR-44135-POULI-STNICO1-X,Accessoire RÃ©sonance / Positif n'existe pas
FR-44135-POULI-STNICO1-X,Accessoire Tremblant doux RÃ©sonance n'existe pas
FR-44135-POULI-STNICO1-X,Jeu fla>>te ouverte 8 n'existe pas
FR-44135-POULI-STNICO1-X,Jeu fla>>te d'allemand 4 n'existe pas
FR-44135-POULI-STNICO1-X,Jeu quinte 2 2/3 n'existe pas
FR-44135-POULI-STNICO1-X,Jeu fla>>te 2 n'existe pas
FR-44135-POULI-STNICO1-X,Jeu tiercelette 1 3/5 n'existe pas
FR-44135-POULI-STNICO1-X,Jeu douaSSaine 16 n'existe pas
FR-44135-POULI-STNICO1-X,Jeu fla>>te a  chemina(c)e 4 n'existe pas
FR-44135-POULI-STNICO1-X,Clavier RÃ©sonance n'existe pas
FR-44135-POULI-STNICO1-X,Jeu fla>>te ouverte 8 n'existe pas
FR-44135-POULI-STNICO1-X,Jeu fla>>te d'allemand 4 n'existe pas
FR-44135-POULI-STNICO1-X,Jeu fla>>te 2 n'existe pas
FR-49301-SEVRE-EGLISE1-P,Transmission 'MÃ©canique' n'existe pas
FR-49301-SEVRE-EGLISE1-P,Tirage 'MÃ©canique' n'existe pas
FR-49301-SEVRE-EGLISE1-P,Accessoire Octave aiguÃ« n'existe pas
FR-49301-SEVRE-EGLISE1-P,Jeu fla>>te harmonique 8 n'existe pas
FR-49301-SEVRE-EGLISE1-P,Jeu voix ca(c)leste 8 n'existe pas
FR-49301-SEVRE-EGLISE1-P,Jeu fla>>te octaviante 4 n'existe pas
FR-49301-SEVRE-EGLISE1-P,Jeu clariton n'existe pas
FR-49301-SEVRE-EGLISE1-P,"Historique : Orgue portatif nÃ‚Â° 257 pour (None, None, Orgue portatif nÃ‚Â° 257)"
FR-44084-L_BOT-STJBAP1-X,Transmission 'Ã‰lectrique' n'existe pas
FR-44084-L_BOT-STJBAP1-X,Tirage 'Ã‰lectrique' n'existe pas
FR-44084-L_BOT-STJBAP1-X,Accessoire Tirasse RÃ©cit n'existe pas
FR-44084-L_BOT-STJBAP1-X,Accessoire RÃ©cit / Grand-Orgue n'existe pas
FR-44084-L_BOT-STJBAP1-X,Accessoire RÃ©cit / Grand-Orgue 16\' n'existe pas
FR-44084-L_BOT-STJBAP1-X,Accessoire RÃ©cit / RÃ©cit 16\' n'existe pas
FR-44084-L_BOT-STJBAP1-X,Accessoire Anches PÃ©dale n'existe pas
FR-44084-L_BOT-STJBAP1-X,Accessoire Anches RÃ©cit n'existe pas
FR-44084-L_BOT-STJBAP1-X,Jeu fla>>te harmonique 8 n'existe pas
FR-44084-L_BOT-STJBAP1-X,Clavier RÃ©cit expressif n'existe pas
FR-44084-L_BOT-STJBAP1-X,Jeu fla>>te creuse 8 n'existe pas
FR-44084-L_BOT-STJBAP1-X,Jeu voix ca(c)leste 8 n'existe pas
FR-44084-L_BOT-STJBAP1-X,Jeu fla>>te douce 4 n'existe pas
FR-44084-L_BOT-STJBAP1-X,Jeu fla>>te 4 n'existe pas
FR-44043-CLISS-TRINIT1-X,Transmission 'MÃ©canique' n'existe pas
FR-44043-CLISS-TRINIT1-X,Tirage 'MÃ©canique' n'existe pas
FR-44043-CLISS-TRINIT1-X,Etat '' n'existe pas
FR-44043-CLISS-TRINIT1-X,Accessoire Octave aiguÃ« n'existe pas
FR-44043-CLISS-TRINIT1-X,Jeu fla>>te harmonique 8 n'existe pas
FR-44043-CLISS-TRINIT1-X,"Pas de facteur trouvé dans ""1983 : doublette neuve a  la place de la voix ca(c)leste par madigout et thibaud."" pour ('debierre', '1874')"
FR-44043-CLISS-TRINIT1-X,"Historique : 1983 : Doublette neuve Ã  la place de la Voix cÃ©leste par Madigout et Thibaud. pour (1983, None, Doublette neuve Ã  la place de la Voix cÃ©leste par Madigout et Thibaud.)"
FR-44043-CLISS-NDAMEV1-X,Transmission 'MÃ©canique' n'existe pas
FR-44043-CLISS-NDAMEV1-X,Etat 'None' n'existe pas
FR-44043-CLISS-NDAMEV1-X,Accessoire Tirasse RÃ©cit n'existe pas
FR-44043-CLISS-NDAMEV1-X,Accessoire RÃ©cit / Grand-Orgue n'existe pas
FR-44043-CLISS-NDAMEV1-X,Accessoire RÃ©cit / Grand-Orgue 4\' n'existe pas
FR-44043-CLISS-NDAMEV1-X,Jeu fla>>te harmonique 8 n'existe pas
FR-44043-CLISS-NDAMEV1-X,Clavier RÃ©cit expressif n'existe pas
FR-44043-CLISS-NDAMEV1-X,Jeu fla>>te octaviante 4 n'existe pas
FR-44043-CLISS-NDAMEV1-X,Jeu fla>>te 2 n'existe pas
FR-44043-CLISS-NDAMEV1-X,Jeu (pas de jeu propre) n'existe pas
FR-44043-CLISS-NDAMEV1-X,"Pas de facteur trouvé dans ""1986 : modifications par thibaud et madigout (prestant et fla>>te 2a,a' en place de principal 8a,a' et voix ca(c)leste)."" pour ('debierre', None)"
FR-49023-B_MAU-STPIER1-X,Transmission 'MÃ©canique' n'existe pas
FR-49023-B_MAU-STPIER1-X,Tirage 'MÃ©canique' n'existe pas
FR-49023-B_MAU-STPIER1-X,Jeu fla>>te 4 n'existe pas
FR-72005-ANCIN-SSPEPL1-X,Transmission 'MÃ©canique' n'existe pas
FR-72005-ANCIN-SSPEPL1-X,Tirage 'MÃ©canique' n'existe pas
FR-72005-ANCIN-SSPEPL1-X,Accessoire RÃ©cit / Grand-Orgue n'existe pas
FR-72005-ANCIN-SSPEPL1-X,Clavier RÃ©cit expressif n'existe pas
FR-72005-ANCIN-SSPEPL1-X,L'étendu du clavier de 37 notes n'est pas connus
FR-72005-ANCIN-SSPEPL1-X,Jeu fla>>te harmonique 8 n'existe pas
FR-72005-ANCIN-SSPEPL1-X,Jeu voix ca(c)leste 8 n'existe pas
FR-72005-ANCIN-SSPEPL1-X,L'étendu du clavier de 13 notes n'est pas connus
FR-72005-ANCIN-SSPEPL1-X,Jeu (pas de jeu propre) n'existe pas
FR-72005-ANCIN-SSPEPL1-X,Facteur damiens fra res n'éxiste pas
FR-72005-ANCIN-SSPEPL1-X,Facteur damiens fra res n'éxiste pas
FR-44180-V_ERD-STMEDA1-X,Transmission 'Ã‰lectropneumatique' n'existe pas
FR-44180-V_ERD-STMEDA1-X,Tirage 'Ã‰lectropneumatique' n'existe pas
FR-44180-V_ERD-STMEDA1-X,Accessoire Tirasse RÃ©cit n'existe pas
FR-44180-V_ERD-STMEDA1-X,Accessoire RÃ©cit / Grand-Orgue n'existe pas
FR-44180-V_ERD-STMEDA1-X,Jeu quinte n'existe pas
FR-44180-V_ERD-STMEDA1-X,Jeu plein-jeu n'existe pas
FR-44180-V_ERD-STMEDA1-X,Clavier RÃ©cit expressif n'existe pas
FR-44180-V_ERD-STMEDA1-X,Jeu fla>>te 8 n'existe pas
FR-44180-V_ERD-STMEDA1-X,Jeu voix ca(c)leste 8 n'existe pas
FR-44180-V_ERD-STMEDA1-X,Jeu fla>>te 4 n'existe pas
FR-44180-V_ERD-STMEDA1-X,Facteur manufacture da a orgues robert fra res n'éxiste pas
FR-44180-V_ERD-STMEDA1-X,Facteur manufacture da a orgues robert fra res n'éxiste pas
FR-44180-V_ERD-STMEDA1-X,Facteur manufacture da a orgues robert fra res n'éxiste pas
FR-44073-HERIC-STNICO1-X,Transmission 'Ã‰lectropneumatique' n'existe pas
FR-44073-HERIC-STNICO1-X,Tirage 'Ã‰lectropneumatique' n'existe pas
FR-44073-HERIC-STNICO1-X,Accessoire Tirasse RÃ©cit n'existe pas
FR-44073-HERIC-STNICO1-X,Accessoire Tirasse RÃ©cit 4\' n'existe pas
FR-44073-HERIC-STNICO1-X,Accessoire RÃ©cit / Grand-Orgue 16\' n'existe pas
FR-44073-HERIC-STNICO1-X,Accessoire RÃ©cit / Grand-Orgue 8\' n'existe pas
FR-44073-HERIC-STNICO1-X,Accessoire RÃ©cit / Grand-Orgue 4\' n'existe pas
FR-44073-HERIC-STNICO1-X,Accessoire Annulateur Mixtures RÃ©cit n'existe pas
FR-44073-HERIC-STNICO1-X,Accessoire Annulateur Anches RÃ©cit n'existe pas
FR-44073-HERIC-STNICO1-X,Jeu fla>>te 8 n'existe pas
FR-44073-HERIC-STNICO1-X,Jeu fla>>te 4 n'existe pas
FR-44073-HERIC-STNICO1-X,Clavier RÃ©cit expressif n'existe pas
FR-44073-HERIC-STNICO1-X,Jeu fla>>te 4 n'existe pas
FR-44073-HERIC-STNICO1-X,Jeu fla>>te 4 n'existe pas
FR-44073-HERIC-STNICO1-X,"Pas de facteur trouvé dans ""1971 : ajout du ra(c)cit par jean renaud."" pour ('bouvet', '1965')"
FR-44109-NANTE-NDLOUR1-X,Transmission 'Ã‰lectropneumatique' n'existe pas
FR-44109-NANTE-NDLOUR1-X,Tirage 'Ã‰lectropneumatique' n'existe pas
FR-44109-NANTE-NDLOUR1-X,Accessoire Tirasse RÃ©cit n'existe pas
FR-44109-NANTE-NDLOUR1-X,Accessoire RÃ©cit / Grand-Orgue n'existe pas
FR-44109-NANTE-NDLOUR1-X,Accessoire RÃ©cit / Grand-Orgue 16\' n'existe pas
FR-44109-NANTE-NDLOUR1-X,Accessoire RÃ©cit 16\' n'existe pas
FR-44109-NANTE-NDLOUR1-X,Accessoire Appel Anches RÃ©cit n'existe pas
FR-44109-NANTE-NDLOUR1-X,Jeu fla>>te harmonique 8 n'existe pas
FR-44109-NANTE-NDLOUR1-X,Clavier RÃ©cit expressif n'existe pas
FR-44109-NANTE-NDLOUR1-X,"Jeu fla>>te traversia""re 8 n'existe pas"
FR-44109-NANTE-NDLOUR1-X,Jeu voix ca(c)leste 8 n'existe pas
FR-44109-NANTE-NDLOUR1-X,Jeu fla>>te douce 4 n'existe pas
FR-44109-NANTE-NDLOUR1-X,Jeu fla>>te 4 n'existe pas
FR-49176-L_ANG-STMART1-C,Transmission 'MÃ©canique' n'existe pas
FR-49176-L_ANG-STMART1-C,Tirage 'MÃ©canique' n'existe pas
FR-49176-L_ANG-STMART1-C,Accessoire Octave aiguÃ« n'existe pas
FR-49176-L_ANG-STMART1-C,Accessoire TrÃ©molo n'existe pas
FR-49176-L_ANG-STMART1-C,Jeu fla>>te harmonique 8 n'existe pas
FR-49176-L_ANG-STMART1-C,L'étendu du clavier de 20 notes n'est pas connus
FR-49176-L_ANG-STMART1-C,Jeu (pas de jeu propre) n'existe pas
FR-49007-ANGER-NDVICT1-X,Transmission 'MÃ©canique' n'existe pas
FR-49007-ANGER-NDVICT1-X,Tirage 'MÃ©canique' n'existe pas
FR-49007-ANGER-NDVICT1-X,Accessoire Tirasse RÃ©cit n'existe pas
FR-49007-ANGER-NDVICT1-X,Accessoire RÃ©cit / Grand-Orgue n'existe pas
FR-49007-ANGER-NDVICT1-X,Jeu fla>>te 4 n'existe pas
FR-49007-ANGER-NDVICT1-X,Clavier RÃ©cit expressif n'existe pas
FR-49007-ANGER-NDVICT1-X,Jeu fla>>te a  fuseau 8 n'existe pas
FR-49007-ANGER-NDVICT1-X,Jeu voix ca(c)leste 8 n'existe pas
FR-49007-ANGER-NDVICT1-X,Jeu fla>>te boucha(c)e 4 n'existe pas
FR-49007-ANGER-NDVICT1-X,Facteur cavailla c coll n'éxiste pas
FR-49007-ANGER-NDVICT1-X,Facteur cavailla c coll n'éxiste pas
FR-49007-ANGER-NDVICT1-X,Facteur cavailla c coll n'éxiste pas
FR-49007-ANGER-NDVICT1-X,Facteur cavailla c coll n'éxiste pas
FR-72269-SSCAL-NDAMEV1-X,Transmission 'MÃ©canique' n'existe pas
FR-72269-SSCAL-NDAMEV1-X,Tirage 'MÃ©canique' n'existe pas
FR-72269-SSCAL-NDAMEV1-X,Jeu fla>>te 4 n'existe pas
FR-72269-SSCAL-NDAMEV1-X,Jeu fla>>te 8 n'existe pas
FR-72269-SSCAL-NDAMEV1-X,Jeu fla>>te 4 n'existe pas
FR-72269-SSCAL-NDAMEV1-X,L'étendu du clavier de 42 notes n'est pas connus
FR-72269-SSCAL-NDAMEV1-X,Jeu fla>>te 8 n'existe pas
FR-72269-SSCAL-NDAMEV1-X,Jeu fla>>te 4 n'existe pas
FR-72269-SSCAL-NDAMEV1-X,"Pas de facteur trouvé dans ""vers 1610 : construction d\'un orgue neuf pour l\'abbaye de st-calais, et pra(c)sence d\'un orgue dans l\'a(c)glise notre-dame."" pour ('daublaine callinet', '1846'),('benoist sarelot', '1978')"
FR-72269-SSCAL-NDAMEV1-X,"Pas de facteur trouvé dans ""1792 : installation de l\'orgue de l\'abbaye dans l\'a(c)glise notre-dame sur une tribune neuve : fusion des deux instruments ? (28 jeux ?)"" pour ('daublaine callinet', '1846'),('benoist sarelot', '1978')"
FR-72269-SSCAL-NDAMEV1-X,"Pas de facteur trouvé dans ""1904 : remise en a(c)tat avec amoindrissement par v. tronchet (15 jeux)"" pour ('daublaine callinet', '1846'),('benoist sarelot', '1978')"
FR-72269-SSCAL-NDAMEV1-X,"Historique : 1904 : remise en Ã©tat avec amoindrissement par V. Tronchet (15 jeux) pour (1904, None, remise en Ã©tat avec amoindrissement par V. Tronchet (15 jeux))"
FR-72269-SSCAL-NDAMEV1-X,"Pas de facteur trouvé dans ""1952 : ventilateur neuf posa(c) par r. lambert"" pour ('daublaine callinet', '1846'),('benoist sarelot', '1978')"
FR-44005-C_RET-STMART1-X,Transmission 'MÃ©canique' n'existe pas
FR-44005-C_RET-STMART1-X,Tirage 'MÃ©canique' n'existe pas
FR-44005-C_RET-STMART1-X,Etat 'None' n'existe pas
FR-44005-C_RET-STMART1-X,Accessoire Tirasse RÃ©cit n'existe pas
FR-44005-C_RET-STMART1-X,Accessoire RÃ©cit / Grand-Orgue n'existe pas
FR-44005-C_RET-STMART1-X,Jeu fla>>te harmonique 8 n'existe pas
FR-44005-C_RET-STMART1-X,Clavier RÃ©cit expressif n'existe pas
FR-44005-C_RET-STMART1-X,Jeu fla>>te creuse 8 n'existe pas
FR-44005-C_RET-STMART1-X,Jeu voix ca(c)leste 8 n'existe pas
FR-44005-C_RET-STMART1-X,"Pas de facteur trouvé dans ""relevage par renaud en 1977."" pour ('gloton debierre', '1942')"
FR-44021-V_RET-NDPORT1-X,Transmission 'Ã‰lectrique' n'existe pas
FR-44021-V_RET-NDPORT1-X,Tirage 'Ã‰lectrique' n'existe pas
FR-44021-V_RET-NDPORT1-X,Accessoire Tirasse RÃ©cit n'existe pas
FR-44021-V_RET-NDPORT1-X,Accessoire RÃ©cit / Grand-Orgue n'existe pas
FR-44021-V_RET-NDPORT1-X,Accessoire RÃ©cit / Grand-Orgue 4\' n'existe pas
FR-44021-V_RET-NDPORT1-X,Accessoire TrÃ©molo n'existe pas
FR-44021-V_RET-NDPORT1-X,Clavier RÃ©cit expressif n'existe pas
FR-44021-V_RET-NDPORT1-X,Jeu fla>>te harmonique 8 n'existe pas
FR-44021-V_RET-NDPORT1-X,Jeu voix ca(c)leste 8 n'existe pas
FR-44021-V_RET-NDPORT1-X,Jeu fla>>te octaviante 4 n'existe pas
FR-44021-V_RET-NDPORT1-X,"Historique : 1973 : Ã©lectrification par Beuchet-Debierre pour (1973, None, Ã©lectrification par Beuchet-Debierre)"
FR-44021-V_RET-NDPORT1-X,"Pas de facteur trouvé dans ""2020 : relevage mbgo."" pour ('gloton debierre', '1925')"
